SchoolName,YearTerm,SType,Level,Total
โรงเรียนปทุมวิไล,2566/1,เสียค่าโดยสารโดยใช้พาหนะ,P1,0
โรงเรียนปทุมวิไล,2566/1,เสียค่าโดยสารโดยใช้พาหนะ,P2,0
โรงเรียนปทุมวิไล,2566/1,เสียค่าโดยสารโดยใช้พาหนะ,P3,0
โรงเรียนปทุมวิไล,2566/1,เสียค่าโดยสารโดยใช้พาหนะ,P4,0
โรงเรียนปทุมวิไล,2566/1,เสียค่าโดยสารโดยใช้พาหนะ,P5,0
โรงเรียนปทุมวิไล,2566/1,เสียค่าโดยสารโดยใช้พาหนะ,P6,0
โรงเรียนปทุมวิไล,2566/1,เสียค่าโดยสารโดยใช้พาหนะ,M1,286
โรงเรียนปทุมวิไล,2566/1,เสียค่าโดยสารโดยใช้พาหนะ,M2,268
โรงเรียนปทุมวิไล,2566/1,เสียค่าโดยสารโดยใช้พาหนะ,M3,242
โรงเรียนปทุมวิไล,2566/1,เสียค่าโดยสารโดยใช้พาหนะ,M4,231
โรงเรียนปทุมวิไล,2566/1,เสียค่าโดยสารโดยใช้พาหนะ,M5,240
โรงเรียนปทุมวิไล,2566/1,เสียค่าโดยสารโดยใช้พาหนะ,M6,245
โรงเรียนปทุมวิไล,2566/1,ไม่เสียค่าโดยสารโดยใช้พาหนะ,P1,0
โรงเรียนปทุมวิไล,2566/1,ไม่เสียค่าโดยสารโดยใช้พาหนะ,P2,0
โรงเรียนปทุมวิไล,2566/1,ไม่เสียค่าโดยสารโดยใช้พาหนะ,P3,0
โรงเรียนปทุมวิไล,2566/1,ไม่เสียค่าโดยสารโดยใช้พาหนะ,P4,0
โรงเรียนปทุมวิไล,2566/1,ไม่เสียค่าโดยสารโดยใช้พาหนะ,P5,0
โรงเรียนปทุมวิไล,2566/1,ไม่เสียค่าโดยสารโดยใช้พาหนะ,P6,0
โรงเรียนปทุมวิไล,2566/1,ไม่เสียค่าโดยสารโดยใช้พาหนะ,M1,151
โรงเรียนปทุมวิไล,2566/1,ไม่เสียค่าโดยสารโดยใช้พาหนะ,M2,148
โรงเรียนปทุมวิไล,2566/1,ไม่เสียค่าโดยสารโดยใช้พาหนะ,M3,130
โรงเรียนปทุมวิไล,2566/1,ไม่เสียค่าโดยสารโดยใช้พาหนะ,M4,107
โรงเรียนปทุมวิไล,2566/1,ไม่เสียค่าโดยสารโดยใช้พาหนะ,M5,119
โรงเรียนปทุมวิไล,2566/1,ไม่เสียค่าโดยสารโดยใช้พาหนะ,M6,90
โรงเรียนปทุมวิไล,2566/1,นักเรียนอยู่ห่างเกิน 3 กม.,P1,0
โรงเรียนปทุมวิไล,2566/1,นักเรียนอยู่ห่างเกิน 3 กม.,P2,0
โรงเรียนปทุมวิไล,2566/1,นักเรียนอยู่ห่างเกิน 3 กม.,P3,0
โรงเรียนปทุมวิไล,2566/1,นักเรียนอยู่ห่างเกิน 3 กม.,P4,0
โรงเรียนปทุมวิไล,2566/1,นักเรียนอยู่ห่างเกิน 3 กม.,P5,0
โรงเรียนปทุมวิไล,2566/1,นักเรียนอยู่ห่างเกิน 3 กม.,P6,0
โรงเรียนปทุมวิไล,2566/1,นักเรียนอยู่ห่างเกิน 3 กม.,M1,440
โรงเรียนปทุมวิไล,2566/1,นักเรียนอยู่ห่างเกิน 3 กม.,M2,418
โรงเรียนปทุมวิไล,2566/1,นักเรียนอยู่ห่างเกิน 3 กม.,M3,377
โรงเรียนปทุมวิไล,2566/1,นักเรียนอยู่ห่างเกิน 3 กม.,M4,341
โรงเรียนปทุมวิไล,2566/1,นักเรียนอยู่ห่างเกิน 3 กม.,M5,362
โรงเรียนปทุมวิไล,2566/1,นักเรียนอยู่ห่างเกิน 3 กม.,M6,336
โรงเรียนปทุมวิไล,2566/1,เดินเท้า,P1,0
โรงเรียนปทุมวิไล,2566/1,เดินเท้า,P2,0
โรงเรียนปทุมวิไล,2566/1,เดินเท้า,P3,0
โรงเรียนปทุมวิไล,2566/1,เดินเท้า,P4,0
โรงเรียนปทุมวิไล,2566/1,เดินเท้า,P5,0
โรงเรียนปทุมวิไล,2566/1,เดินเท้า,P6,0
โรงเรียนปทุมวิไล,2566/1,เดินเท้า,M1,3
โรงเรียนปทุมวิไล,2566/1,เดินเท้า,M2,2
โรงเรียนปทุมวิไล,2566/1,เดินเท้า,M3,3
โรงเรียนปทุมวิไล,2566/1,เดินเท้า,M4,3
โรงเรียนปทุมวิไล,2566/1,เดินเท้า,M5,3
โรงเรียนปทุมวิไล,2566/1,เดินเท้า,M6,1
โรงเรียนปทุมวิไล,2566/1,จักรยานยืมเรียน,P1,0
โรงเรียนปทุมวิไล,2566/1,จักรยานยืมเรียน,P2,0
โรงเรียนปทุมวิไล,2566/1,จักรยานยืมเรียน,P3,0
โรงเรียนปทุมวิไล,2566/1,จักรยานยืมเรียน,P4,0
โรงเรียนปทุมวิไล,2566/1,จักรยานยืมเรียน,P5,0
โรงเรียนปทุมวิไล,2566/1,จักรยานยืมเรียน,P6,0
โรงเรียนปทุมวิไล,2566/1,จักรยานยืมเรียน,M1,0
โรงเรียนปทุมวิไล,2566/1,จักรยานยืมเรียน,M2,0
โรงเรียนปทุมวิไล,2566/1,จักรยานยืมเรียน,M3,2
โรงเรียนปทุมวิไล,2566/1,จักรยานยืมเรียน,M4,0
โรงเรียนปทุมวิไล,2566/1,จักรยานยืมเรียน,M5,0
โรงเรียนปทุมวิไล,2566/1,จักรยานยืมเรียน,M6,0
โรงเรียนคณะราษฎร์บำรุงปทุมธานี,2566/1,เสียค่าโดยสารโดยใช้พาหนะ,P1,0
โรงเรียนคณะราษฎร์บำรุงปทุมธานี,2566/1,เสียค่าโดยสารโดยใช้พาหนะ,P2,0
โรงเรียนคณะราษฎร์บำรุงปทุมธานี,2566/1,เสียค่าโดยสารโดยใช้พาหนะ,P3,0
โรงเรียนคณะราษฎร์บำรุงปทุมธานี,2566/1,เสียค่าโดยสารโดยใช้พาหนะ,P4,0
โรงเรียนคณะราษฎร์บำรุงปทุมธานี,2566/1,เสียค่าโดยสารโดยใช้พาหนะ,P5,0
โรงเรียนคณะราษฎร์บำรุงปทุมธานี,2566/1,เสียค่าโดยสารโดยใช้พาหนะ,P6,0
โรงเรียนคณะราษฎร์บำรุงปทุมธานี,2566/1,เสียค่าโดยสารโดยใช้พาหนะ,M1,183
โรงเรียนคณะราษฎร์บำรุงปทุมธานี,2566/1,เสียค่าโดยสารโดยใช้พาหนะ,M2,185
โรงเรียนคณะราษฎร์บำรุงปทุมธานี,2566/1,เสียค่าโดยสารโดยใช้พาหนะ,M3,225
โรงเรียนคณะราษฎร์บำรุงปทุมธานี,2566/1,เสียค่าโดยสารโดยใช้พาหนะ,M4,184
โรงเรียนคณะราษฎร์บำรุงปทุมธานี,2566/1,เสียค่าโดยสารโดยใช้พาหนะ,M5,192
โรงเรียนคณะราษฎร์บำรุงปทุมธานี,2566/1,เสียค่าโดยสารโดยใช้พาหนะ,M6,197
โรงเรียนคณะราษฎร์บำรุงปทุมธานี,2566/1,ไม่เสียค่าโดยสารโดยใช้พาหนะ,P1,0
โรงเรียนคณะราษฎร์บำรุงปทุมธานี,2566/1,ไม่เสียค่าโดยสารโดยใช้พาหนะ,P2,0
โรงเรียนคณะราษฎร์บำรุงปทุมธานี,2566/1,ไม่เสียค่าโดยสารโดยใช้พาหนะ,P3,0
โรงเรียนคณะราษฎร์บำรุงปทุมธานี,2566/1,ไม่เสียค่าโดยสารโดยใช้พาหนะ,P4,0
โรงเรียนคณะราษฎร์บำรุงปทุมธานี,2566/1,ไม่เสียค่าโดยสารโดยใช้พาหนะ,P5,0
โรงเรียนคณะราษฎร์บำรุงปทุมธานี,2566/1,ไม่เสียค่าโดยสารโดยใช้พาหนะ,P6,0
โรงเรียนคณะราษฎร์บำรุงปทุมธานี,2566/1,ไม่เสียค่าโดยสารโดยใช้พาหนะ,M1,134
โรงเรียนคณะราษฎร์บำรุงปทุมธานี,2566/1,ไม่เสียค่าโดยสารโดยใช้พาหนะ,M2,156
โรงเรียนคณะราษฎร์บำรุงปทุมธานี,2566/1,ไม่เสียค่าโดยสารโดยใช้พาหนะ,M3,135
โรงเรียนคณะราษฎร์บำรุงปทุมธานี,2566/1,ไม่เสียค่าโดยสารโดยใช้พาหนะ,M4,130
โรงเรียนคณะราษฎร์บำรุงปทุมธานี,2566/1,ไม่เสียค่าโดยสารโดยใช้พาหนะ,M5,81
โรงเรียนคณะราษฎร์บำรุงปทุมธานี,2566/1,ไม่เสียค่าโดยสารโดยใช้พาหนะ,M6,68
โรงเรียนคณะราษฎร์บำรุงปทุมธานี,2566/1,นักเรียนอยู่ห่างเกิน 3 กม.,P1,0
โรงเรียนคณะราษฎร์บำรุงปทุมธานี,2566/1,นักเรียนอยู่ห่างเกิน 3 กม.,P2,0
โรงเรียนคณะราษฎร์บำรุงปทุมธานี,2566/1,นักเรียนอยู่ห่างเกิน 3 กม.,P3,0
โรงเรียนคณะราษฎร์บำรุงปทุมธานี,2566/1,นักเรียนอยู่ห่างเกิน 3 กม.,P4,0
โรงเรียนคณะราษฎร์บำรุงปทุมธานี,2566/1,นักเรียนอยู่ห่างเกิน 3 กม.,P5,0
โรงเรียนคณะราษฎร์บำรุงปทุมธานี,2566/1,นักเรียนอยู่ห่างเกิน 3 กม.,P6,0
โรงเรียนคณะราษฎร์บำรุงปทุมธานี,2566/1,นักเรียนอยู่ห่างเกิน 3 กม.,M1,317
โรงเรียนคณะราษฎร์บำรุงปทุมธานี,2566/1,นักเรียนอยู่ห่างเกิน 3 กม.,M2,344
โรงเรียนคณะราษฎร์บำรุงปทุมธานี,2566/1,นักเรียนอยู่ห่างเกิน 3 กม.,M3,363
โรงเรียนคณะราษฎร์บำรุงปทุมธานี,2566/1,นักเรียนอยู่ห่างเกิน 3 กม.,M4,319
โรงเรียนคณะราษฎร์บำรุงปทุมธานี,2566/1,นักเรียนอยู่ห่างเกิน 3 กม.,M5,276
โรงเรียนคณะราษฎร์บำรุงปทุมธานี,2566/1,นักเรียนอยู่ห่างเกิน 3 กม.,M6,267
โรงเรียนคณะราษฎร์บำรุงปทุมธานี,2566/1,เดินเท้า,P1,0
โรงเรียนคณะราษฎร์บำรุงปทุมธานี,2566/1,เดินเท้า,P2,0
โรงเรียนคณะราษฎร์บำรุงปทุมธานี,2566/1,เดินเท้า,P3,0
โรงเรียนคณะราษฎร์บำรุงปทุมธานี,2566/1,เดินเท้า,P4,0
โรงเรียนคณะราษฎร์บำรุงปทุมธานี,2566/1,เดินเท้า,P5,0
โรงเรียนคณะราษฎร์บำรุงปทุมธานี,2566/1,เดินเท้า,P6,0
โรงเรียนคณะราษฎร์บำรุงปทุมธานี,2566/1,เดินเท้า,M1,0
โรงเรียนคณะราษฎร์บำรุงปทุมธานี,2566/1,เดินเท้า,M2,2
โรงเรียนคณะราษฎร์บำรุงปทุมธานี,2566/1,เดินเท้า,M3,3
โรงเรียนคณะราษฎร์บำรุงปทุมธานี,2566/1,เดินเท้า,M4,5
โรงเรียนคณะราษฎร์บำรุงปทุมธานี,2566/1,เดินเท้า,M5,3
โรงเรียนคณะราษฎร์บำรุงปทุมธานี,2566/1,เดินเท้า,M6,2
โรงเรียนคณะราษฎร์บำรุงปทุมธานี,2566/1,จักรยานยืมเรียน,P1,0
โรงเรียนคณะราษฎร์บำรุงปทุมธานี,2566/1,จักรยานยืมเรียน,P2,0
โรงเรียนคณะราษฎร์บำรุงปทุมธานี,2566/1,จักรยานยืมเรียน,P3,0
โรงเรียนคณะราษฎร์บำรุงปทุมธานี,2566/1,จักรยานยืมเรียน,P4,0
โรงเรียนคณะราษฎร์บำรุงปทุมธานี,2566/1,จักรยานยืมเรียน,P5,0
โรงเรียนคณะราษฎร์บำรุงปทุมธานี,2566/1,จักรยานยืมเรียน,P6,0
โรงเรียนคณะราษฎร์บำรุงปทุมธานี,2566/1,จักรยานยืมเรียน,M1,0
โรงเรียนคณะราษฎร์บำรุงปทุมธานี,2566/1,จักรยานยืมเรียน,M2,1
โรงเรียนคณะราษฎร์บำรุงปทุมธานี,2566/1,จักรยานยืมเรียน,M3,0
โรงเรียนคณะราษฎร์บำรุงปทุมธานี,2566/1,จักรยานยืมเรียน,M4,0
โรงเรียนคณะราษฎร์บำรุงปทุมธานี,2566/1,จักรยานยืมเรียน,M5,0
โรงเรียนคณะราษฎร์บำรุงปทุมธานี,2566/1,จักรยานยืมเรียน,M6,0
โรงเรียนปทุมธานี นันทมุนีบำรุง,2566/1,เสียค่าโดยสารโดยใช้พาหนะ,P1,0
โรงเรียนปทุมธานี นันทมุนีบำรุง,2566/1,เสียค่าโดยสารโดยใช้พาหนะ,P2,0
โรงเรียนปทุมธานี นันทมุนีบำรุง,2566/1,เสียค่าโดยสารโดยใช้พาหนะ,P3,0
โรงเรียนปทุมธานี นันทมุนีบำรุง,2566/1,เสียค่าโดยสารโดยใช้พาหนะ,P4,0
โรงเรียนปทุมธานี นันทมุนีบำรุง,2566/1,เสียค่าโดยสารโดยใช้พาหนะ,P5,0
โรงเรียนปทุมธานี นันทมุนีบำรุง,2566/1,เสียค่าโดยสารโดยใช้พาหนะ,P6,0
โรงเรียนปทุมธานี นันทมุนีบำรุง,2566/1,เสียค่าโดยสารโดยใช้พาหนะ,M1,62
โรงเรียนปทุมธานี นันทมุนีบำรุง,2566/1,เสียค่าโดยสารโดยใช้พาหนะ,M2,42
โรงเรียนปทุมธานี นันทมุนีบำรุง,2566/1,เสียค่าโดยสารโดยใช้พาหนะ,M3,75
โรงเรียนปทุมธานี นันทมุนีบำรุง,2566/1,เสียค่าโดยสารโดยใช้พาหนะ,M4,37
โรงเรียนปทุมธานี นันทมุนีบำรุง,2566/1,เสียค่าโดยสารโดยใช้พาหนะ,M5,60
โรงเรียนปทุมธานี นันทมุนีบำรุง,2566/1,เสียค่าโดยสารโดยใช้พาหนะ,M6,45
โรงเรียนปทุมธานี นันทมุนีบำรุง,2566/1,ไม่เสียค่าโดยสารโดยใช้พาหนะ,P1,0
โรงเรียนปทุมธานี นันทมุนีบำรุง,2566/1,ไม่เสียค่าโดยสารโดยใช้พาหนะ,P2,0
โรงเรียนปทุมธานี นันทมุนีบำรุง,2566/1,ไม่เสียค่าโดยสารโดยใช้พาหนะ,P3,0
โรงเรียนปทุมธานี นันทมุนีบำรุง,2566/1,ไม่เสียค่าโดยสารโดยใช้พาหนะ,P4,0
โรงเรียนปทุมธานี นันทมุนีบำรุง,2566/1,ไม่เสียค่าโดยสารโดยใช้พาหนะ,P5,0
โรงเรียนปทุมธานี นันทมุนีบำรุง,2566/1,ไม่เสียค่าโดยสารโดยใช้พาหนะ,P6,0
โรงเรียนปทุมธานี นันทมุนีบำรุง,2566/1,ไม่เสียค่าโดยสารโดยใช้พาหนะ,M1,48
โรงเรียนปทุมธานี นันทมุนีบำรุง,2566/1,ไม่เสียค่าโดยสารโดยใช้พาหนะ,M2,59
โรงเรียนปทุมธานี นันทมุนีบำรุง,2566/1,ไม่เสียค่าโดยสารโดยใช้พาหนะ,M3,28
โรงเรียนปทุมธานี นันทมุนีบำรุง,2566/1,ไม่เสียค่าโดยสารโดยใช้พาหนะ,M4,30
โรงเรียนปทุมธานี นันทมุนีบำรุง,2566/1,ไม่เสียค่าโดยสารโดยใช้พาหนะ,M5,20
โรงเรียนปทุมธานี นันทมุนีบำรุง,2566/1,ไม่เสียค่าโดยสารโดยใช้พาหนะ,M6,19
โรงเรียนปทุมธานี นันทมุนีบำรุง,2566/1,นักเรียนอยู่ห่างเกิน 3 กม.,P1,0
โรงเรียนปทุมธานี นันทมุนีบำรุง,2566/1,นักเรียนอยู่ห่างเกิน 3 กม.,P2,0
โรงเรียนปทุมธานี นันทมุนีบำรุง,2566/1,นักเรียนอยู่ห่างเกิน 3 กม.,P3,0
โรงเรียนปทุมธานี นันทมุนีบำรุง,2566/1,นักเรียนอยู่ห่างเกิน 3 กม.,P4,0
โรงเรียนปทุมธานี นันทมุนีบำรุง,2566/1,นักเรียนอยู่ห่างเกิน 3 กม.,P5,0
โรงเรียนปทุมธานี นันทมุนีบำรุง,2566/1,นักเรียนอยู่ห่างเกิน 3 กม.,P6,0
โรงเรียนปทุมธานี นันทมุนีบำรุง,2566/1,นักเรียนอยู่ห่างเกิน 3 กม.,M1,112
โรงเรียนปทุมธานี นันทมุนีบำรุง,2566/1,นักเรียนอยู่ห่างเกิน 3 กม.,M2,102
โรงเรียนปทุมธานี นันทมุนีบำรุง,2566/1,นักเรียนอยู่ห่างเกิน 3 กม.,M3,112
โรงเรียนปทุมธานี นันทมุนีบำรุง,2566/1,นักเรียนอยู่ห่างเกิน 3 กม.,M4,67
โรงเรียนปทุมธานี นันทมุนีบำรุง,2566/1,นักเรียนอยู่ห่างเกิน 3 กม.,M5,83
โรงเรียนปทุมธานี นันทมุนีบำรุง,2566/1,นักเรียนอยู่ห่างเกิน 3 กม.,M6,64
โรงเรียนปทุมธานี นันทมุนีบำรุง,2566/1,เดินเท้า,P1,0
โรงเรียนปทุมธานี นันทมุนีบำรุง,2566/1,เดินเท้า,P2,0
โรงเรียนปทุมธานี นันทมุนีบำรุง,2566/1,เดินเท้า,P3,0
โรงเรียนปทุมธานี นันทมุนีบำรุง,2566/1,เดินเท้า,P4,0
โรงเรียนปทุมธานี นันทมุนีบำรุง,2566/1,เดินเท้า,P5,0
โรงเรียนปทุมธานี นันทมุนีบำรุง,2566/1,เดินเท้า,P6,0
โรงเรียนปทุมธานี นันทมุนีบำรุง,2566/1,เดินเท้า,M1,2
โรงเรียนปทุมธานี นันทมุนีบำรุง,2566/1,เดินเท้า,M2,1
โรงเรียนปทุมธานี นันทมุนีบำรุง,2566/1,เดินเท้า,M3,9
โรงเรียนปทุมธานี นันทมุนีบำรุง,2566/1,เดินเท้า,M4,0
โรงเรียนปทุมธานี นันทมุนีบำรุง,2566/1,เดินเท้า,M5,3
โรงเรียนปทุมธานี นันทมุนีบำรุง,2566/1,เดินเท้า,M6,0
โรงเรียนหอวัง ปทุมธานี,2566/1,เสียค่าโดยสารโดยใช้พาหนะ,P1,0
โรงเรียนหอวัง ปทุมธานี,2566/1,เสียค่าโดยสารโดยใช้พาหนะ,P2,0
โรงเรียนหอวัง ปทุมธานี,2566/1,เสียค่าโดยสารโดยใช้พาหนะ,P3,0
โรงเรียนหอวัง ปทุมธานี,2566/1,เสียค่าโดยสารโดยใช้พาหนะ,P4,0
โรงเรียนหอวัง ปทุมธานี,2566/1,เสียค่าโดยสารโดยใช้พาหนะ,P5,0
โรงเรียนหอวัง ปทุมธานี,2566/1,เสียค่าโดยสารโดยใช้พาหนะ,P6,0
โรงเรียนหอวัง ปทุมธานี,2566/1,เสียค่าโดยสารโดยใช้พาหนะ,M1,172
โรงเรียนหอวัง ปทุมธานี,2566/1,เสียค่าโดยสารโดยใช้พาหนะ,M2,176
โรงเรียนหอวัง ปทุมธานี,2566/1,เสียค่าโดยสารโดยใช้พาหนะ,M3,236
โรงเรียนหอวัง ปทุมธานี,2566/1,เสียค่าโดยสารโดยใช้พาหนะ,M4,282
โรงเรียนหอวัง ปทุมธานี,2566/1,เสียค่าโดยสารโดยใช้พาหนะ,M5,268
โรงเรียนหอวัง ปทุมธานี,2566/1,เสียค่าโดยสารโดยใช้พาหนะ,M6,326
โรงเรียนหอวัง ปทุมธานี,2566/1,ไม่เสียค่าโดยสารโดยใช้พาหนะ,P1,0
โรงเรียนหอวัง ปทุมธานี,2566/1,ไม่เสียค่าโดยสารโดยใช้พาหนะ,P2,0
โรงเรียนหอวัง ปทุมธานี,2566/1,ไม่เสียค่าโดยสารโดยใช้พาหนะ,P3,0
โรงเรียนหอวัง ปทุมธานี,2566/1,ไม่เสียค่าโดยสารโดยใช้พาหนะ,P4,0
โรงเรียนหอวัง ปทุมธานี,2566/1,ไม่เสียค่าโดยสารโดยใช้พาหนะ,P5,0
โรงเรียนหอวัง ปทุมธานี,2566/1,ไม่เสียค่าโดยสารโดยใช้พาหนะ,P6,0
โรงเรียนหอวัง ปทุมธานี,2566/1,ไม่เสียค่าโดยสารโดยใช้พาหนะ,M1,64
โรงเรียนหอวัง ปทุมธานี,2566/1,ไม่เสียค่าโดยสารโดยใช้พาหนะ,M2,56
โรงเรียนหอวัง ปทุมธานี,2566/1,ไม่เสียค่าโดยสารโดยใช้พาหนะ,M3,57
โรงเรียนหอวัง ปทุมธานี,2566/1,ไม่เสียค่าโดยสารโดยใช้พาหนะ,M4,74
โรงเรียนหอวัง ปทุมธานี,2566/1,ไม่เสียค่าโดยสารโดยใช้พาหนะ,M5,81
โรงเรียนหอวัง ปทุมธานี,2566/1,ไม่เสียค่าโดยสารโดยใช้พาหนะ,M6,84
โรงเรียนหอวัง ปทุมธานี,2566/1,นักเรียนอยู่ห่างเกิน 3 กม.,P1,0
โรงเรียนหอวัง ปทุมธานี,2566/1,นักเรียนอยู่ห่างเกิน 3 กม.,P2,0
โรงเรียนหอวัง ปทุมธานี,2566/1,นักเรียนอยู่ห่างเกิน 3 กม.,P3,0
โรงเรียนหอวัง ปทุมธานี,2566/1,นักเรียนอยู่ห่างเกิน 3 กม.,P4,0
โรงเรียนหอวัง ปทุมธานี,2566/1,นักเรียนอยู่ห่างเกิน 3 กม.,P5,0
โรงเรียนหอวัง ปทุมธานี,2566/1,นักเรียนอยู่ห่างเกิน 3 กม.,P6,0
โรงเรียนหอวัง ปทุมธานี,2566/1,นักเรียนอยู่ห่างเกิน 3 กม.,M1,238
โรงเรียนหอวัง ปทุมธานี,2566/1,นักเรียนอยู่ห่างเกิน 3 กม.,M2,233
โรงเรียนหอวัง ปทุมธานี,2566/1,นักเรียนอยู่ห่างเกิน 3 กม.,M3,297
โรงเรียนหอวัง ปทุมธานี,2566/1,นักเรียนอยู่ห่างเกิน 3 กม.,M4,356
โรงเรียนหอวัง ปทุมธานี,2566/1,นักเรียนอยู่ห่างเกิน 3 กม.,M5,350
โรงเรียนหอวัง ปทุมธานี,2566/1,นักเรียนอยู่ห่างเกิน 3 กม.,M6,411
โรงเรียนหอวัง ปทุมธานี,2566/1,เดินเท้า,P1,0
โรงเรียนหอวัง ปทุมธานี,2566/1,เดินเท้า,P2,0
โรงเรียนหอวัง ปทุมธานี,2566/1,เดินเท้า,P3,0
โรงเรียนหอวัง ปทุมธานี,2566/1,เดินเท้า,P4,0
โรงเรียนหอวัง ปทุมธานี,2566/1,เดินเท้า,P5,0
โรงเรียนหอวัง ปทุมธานี,2566/1,เดินเท้า,P6,0
โรงเรียนหอวัง ปทุมธานี,2566/1,เดินเท้า,M1,2
โรงเรียนหอวัง ปทุมธานี,2566/1,เดินเท้า,M2,1
โรงเรียนหอวัง ปทุมธานี,2566/1,เดินเท้า,M3,4
โรงเรียนหอวัง ปทุมธานี,2566/1,เดินเท้า,M4,0
โรงเรียนหอวัง ปทุมธานี,2566/1,เดินเท้า,M5,1
โรงเรียนหอวัง ปทุมธานี,2566/1,เดินเท้า,M6,1
โรงเรียนทีปังกรวิทยาพัฒน์ (มัธยมวัดหัตถสารเกษตร) ในพระราชูปถัมภ์ฯ,2566/1,เสียค่าโดยสารโดยใช้พาหนะ,P1,0
โรงเรียนทีปังกรวิทยาพัฒน์ (มัธยมวัดหัตถสารเกษตร) ในพระราชูปถัมภ์ฯ,2566/1,เสียค่าโดยสารโดยใช้พาหนะ,P2,0
โรงเรียนทีปังกรวิทยาพัฒน์ (มัธยมวัดหัตถสารเกษตร) ในพระราชูปถัมภ์ฯ,2566/1,เสียค่าโดยสารโดยใช้พาหนะ,P3,0
โรงเรียนทีปังกรวิทยาพัฒน์ (มัธยมวัดหัตถสารเกษตร) ในพระราชูปถัมภ์ฯ,2566/1,เสียค่าโดยสารโดยใช้พาหนะ,P4,0
โรงเรียนทีปังกรวิทยาพัฒน์ (มัธยมวัดหัตถสารเกษตร) ในพระราชูปถัมภ์ฯ,2566/1,เสียค่าโดยสารโดยใช้พาหนะ,P5,0
โรงเรียนทีปังกรวิทยาพัฒน์ (มัธยมวัดหัตถสารเกษตร) ในพระราชูปถัมภ์ฯ,2566/1,เสียค่าโดยสารโดยใช้พาหนะ,P6,0
โรงเรียนทีปังกรวิทยาพัฒน์ (มัธยมวัดหัตถสารเกษตร) ในพระราชูปถัมภ์ฯ,2566/1,เสียค่าโดยสารโดยใช้พาหนะ,M1,106
โรงเรียนทีปังกรวิทยาพัฒน์ (มัธยมวัดหัตถสารเกษตร) ในพระราชูปถัมภ์ฯ,2566/1,เสียค่าโดยสารโดยใช้พาหนะ,M2,127
โรงเรียนทีปังกรวิทยาพัฒน์ (มัธยมวัดหัตถสารเกษตร) ในพระราชูปถัมภ์ฯ,2566/1,เสียค่าโดยสารโดยใช้พาหนะ,M3,116
โรงเรียนทีปังกรวิทยาพัฒน์ (มัธยมวัดหัตถสารเกษตร) ในพระราชูปถัมภ์ฯ,2566/1,เสียค่าโดยสารโดยใช้พาหนะ,M4,94
โรงเรียนทีปังกรวิทยาพัฒน์ (มัธยมวัดหัตถสารเกษตร) ในพระราชูปถัมภ์ฯ,2566/1,เสียค่าโดยสารโดยใช้พาหนะ,M5,96
โรงเรียนทีปังกรวิทยาพัฒน์ (มัธยมวัดหัตถสารเกษตร) ในพระราชูปถัมภ์ฯ,2566/1,เสียค่าโดยสารโดยใช้พาหนะ,M6,133
โรงเรียนทีปังกรวิทยาพัฒน์ (มัธยมวัดหัตถสารเกษตร) ในพระราชูปถัมภ์ฯ,2566/1,ไม่เสียค่าโดยสารโดยใช้พาหนะ,P1,0
โรงเรียนทีปังกรวิทยาพัฒน์ (มัธยมวัดหัตถสารเกษตร) ในพระราชูปถัมภ์ฯ,2566/1,ไม่เสียค่าโดยสารโดยใช้พาหนะ,P2,0
โรงเรียนทีปังกรวิทยาพัฒน์ (มัธยมวัดหัตถสารเกษตร) ในพระราชูปถัมภ์ฯ,2566/1,ไม่เสียค่าโดยสารโดยใช้พาหนะ,P3,0
โรงเรียนทีปังกรวิทยาพัฒน์ (มัธยมวัดหัตถสารเกษตร) ในพระราชูปถัมภ์ฯ,2566/1,ไม่เสียค่าโดยสารโดยใช้พาหนะ,P4,0
โรงเรียนทีปังกรวิทยาพัฒน์ (มัธยมวัดหัตถสารเกษตร) ในพระราชูปถัมภ์ฯ,2566/1,ไม่เสียค่าโดยสารโดยใช้พาหนะ,P5,0
โรงเรียนทีปังกรวิทยาพัฒน์ (มัธยมวัดหัตถสารเกษตร) ในพระราชูปถัมภ์ฯ,2566/1,ไม่เสียค่าโดยสารโดยใช้พาหนะ,P6,0
โรงเรียนทีปังกรวิทยาพัฒน์ (มัธยมวัดหัตถสารเกษตร) ในพระราชูปถัมภ์ฯ,2566/1,ไม่เสียค่าโดยสารโดยใช้พาหนะ,M1,108
โรงเรียนทีปังกรวิทยาพัฒน์ (มัธยมวัดหัตถสารเกษตร) ในพระราชูปถัมภ์ฯ,2566/1,ไม่เสียค่าโดยสารโดยใช้พาหนะ,M2,100
โรงเรียนทีปังกรวิทยาพัฒน์ (มัธยมวัดหัตถสารเกษตร) ในพระราชูปถัมภ์ฯ,2566/1,ไม่เสียค่าโดยสารโดยใช้พาหนะ,M3,85
โรงเรียนทีปังกรวิทยาพัฒน์ (มัธยมวัดหัตถสารเกษตร) ในพระราชูปถัมภ์ฯ,2566/1,ไม่เสียค่าโดยสารโดยใช้พาหนะ,M4,100
โรงเรียนทีปังกรวิทยาพัฒน์ (มัธยมวัดหัตถสารเกษตร) ในพระราชูปถัมภ์ฯ,2566/1,ไม่เสียค่าโดยสารโดยใช้พาหนะ,M5,85
โรงเรียนทีปังกรวิทยาพัฒน์ (มัธยมวัดหัตถสารเกษตร) ในพระราชูปถัมภ์ฯ,2566/1,ไม่เสียค่าโดยสารโดยใช้พาหนะ,M6,121
โรงเรียนทีปังกรวิทยาพัฒน์ (มัธยมวัดหัตถสารเกษตร) ในพระราชูปถัมภ์ฯ,2566/1,นักเรียนอยู่ห่างเกิน 3 กม.,P1,0
โรงเรียนทีปังกรวิทยาพัฒน์ (มัธยมวัดหัตถสารเกษตร) ในพระราชูปถัมภ์ฯ,2566/1,นักเรียนอยู่ห่างเกิน 3 กม.,P2,0
โรงเรียนทีปังกรวิทยาพัฒน์ (มัธยมวัดหัตถสารเกษตร) ในพระราชูปถัมภ์ฯ,2566/1,นักเรียนอยู่ห่างเกิน 3 กม.,P3,0
โรงเรียนทีปังกรวิทยาพัฒน์ (มัธยมวัดหัตถสารเกษตร) ในพระราชูปถัมภ์ฯ,2566/1,นักเรียนอยู่ห่างเกิน 3 กม.,P4,0
โรงเรียนทีปังกรวิทยาพัฒน์ (มัธยมวัดหัตถสารเกษตร) ในพระราชูปถัมภ์ฯ,2566/1,นักเรียนอยู่ห่างเกิน 3 กม.,P5,0
โรงเรียนทีปังกรวิทยาพัฒน์ (มัธยมวัดหัตถสารเกษตร) ในพระราชูปถัมภ์ฯ,2566/1,นักเรียนอยู่ห่างเกิน 3 กม.,P6,0
โรงเรียนทีปังกรวิทยาพัฒน์ (มัธยมวัดหัตถสารเกษตร) ในพระราชูปถัมภ์ฯ,2566/1,นักเรียนอยู่ห่างเกิน 3 กม.,M1,214
โรงเรียนทีปังกรวิทยาพัฒน์ (มัธยมวัดหัตถสารเกษตร) ในพระราชูปถัมภ์ฯ,2566/1,นักเรียนอยู่ห่างเกิน 3 กม.,M2,231
โรงเรียนทีปังกรวิทยาพัฒน์ (มัธยมวัดหัตถสารเกษตร) ในพระราชูปถัมภ์ฯ,2566/1,นักเรียนอยู่ห่างเกิน 3 กม.,M3,208
โรงเรียนทีปังกรวิทยาพัฒน์ (มัธยมวัดหัตถสารเกษตร) ในพระราชูปถัมภ์ฯ,2566/1,นักเรียนอยู่ห่างเกิน 3 กม.,M4,196
โรงเรียนทีปังกรวิทยาพัฒน์ (มัธยมวัดหัตถสารเกษตร) ในพระราชูปถัมภ์ฯ,2566/1,นักเรียนอยู่ห่างเกิน 3 กม.,M5,187
โรงเรียนทีปังกรวิทยาพัฒน์ (มัธยมวัดหัตถสารเกษตร) ในพระราชูปถัมภ์ฯ,2566/1,นักเรียนอยู่ห่างเกิน 3 กม.,M6,258
โรงเรียนทีปังกรวิทยาพัฒน์ (มัธยมวัดหัตถสารเกษตร) ในพระราชูปถัมภ์ฯ,2566/1,เดินเท้า,P1,0
โรงเรียนทีปังกรวิทยาพัฒน์ (มัธยมวัดหัตถสารเกษตร) ในพระราชูปถัมภ์ฯ,2566/1,เดินเท้า,P2,0
โรงเรียนทีปังกรวิทยาพัฒน์ (มัธยมวัดหัตถสารเกษตร) ในพระราชูปถัมภ์ฯ,2566/1,เดินเท้า,P3,0
โรงเรียนทีปังกรวิทยาพัฒน์ (มัธยมวัดหัตถสารเกษตร) ในพระราชูปถัมภ์ฯ,2566/1,เดินเท้า,P4,0
โรงเรียนทีปังกรวิทยาพัฒน์ (มัธยมวัดหัตถสารเกษตร) ในพระราชูปถัมภ์ฯ,2566/1,เดินเท้า,P5,0
โรงเรียนทีปังกรวิทยาพัฒน์ (มัธยมวัดหัตถสารเกษตร) ในพระราชูปถัมภ์ฯ,2566/1,เดินเท้า,P6,0
โรงเรียนทีปังกรวิทยาพัฒน์ (มัธยมวัดหัตถสารเกษตร) ในพระราชูปถัมภ์ฯ,2566/1,เดินเท้า,M1,0
โรงเรียนทีปังกรวิทยาพัฒน์ (มัธยมวัดหัตถสารเกษตร) ในพระราชูปถัมภ์ฯ,2566/1,เดินเท้า,M2,4
โรงเรียนทีปังกรวิทยาพัฒน์ (มัธยมวัดหัตถสารเกษตร) ในพระราชูปถัมภ์ฯ,2566/1,เดินเท้า,M3,7
โรงเรียนทีปังกรวิทยาพัฒน์ (มัธยมวัดหัตถสารเกษตร) ในพระราชูปถัมภ์ฯ,2566/1,เดินเท้า,M4,2
โรงเรียนทีปังกรวิทยาพัฒน์ (มัธยมวัดหัตถสารเกษตร) ในพระราชูปถัมภ์ฯ,2566/1,เดินเท้า,M5,6
โรงเรียนทีปังกรวิทยาพัฒน์ (มัธยมวัดหัตถสารเกษตร) ในพระราชูปถัมภ์ฯ,2566/1,เดินเท้า,M6,4
โรงเรียนสวนกุหลาบวิทยาลัย รังสิต,2566/1,เสียค่าโดยสารโดยใช้พาหนะ,P1,0
โรงเรียนสวนกุหลาบวิทยาลัย รังสิต,2566/1,เสียค่าโดยสารโดยใช้พาหนะ,P2,0
โรงเรียนสวนกุหลาบวิทยาลัย รังสิต,2566/1,เสียค่าโดยสารโดยใช้พาหนะ,P3,0
โรงเรียนสวนกุหลาบวิทยาลัย รังสิต,2566/1,เสียค่าโดยสารโดยใช้พาหนะ,P4,0
โรงเรียนสวนกุหลาบวิทยาลัย รังสิต,2566/1,เสียค่าโดยสารโดยใช้พาหนะ,P5,0
โรงเรียนสวนกุหลาบวิทยาลัย รังสิต,2566/1,เสียค่าโดยสารโดยใช้พาหนะ,P6,0
โรงเรียนสวนกุหลาบวิทยาลัย รังสิต,2566/1,เสียค่าโดยสารโดยใช้พาหนะ,M1,199
โรงเรียนสวนกุหลาบวิทยาลัย รังสิต,2566/1,เสียค่าโดยสารโดยใช้พาหนะ,M2,188
โรงเรียนสวนกุหลาบวิทยาลัย รังสิต,2566/1,เสียค่าโดยสารโดยใช้พาหนะ,M3,189
โรงเรียนสวนกุหลาบวิทยาลัย รังสิต,2566/1,เสียค่าโดยสารโดยใช้พาหนะ,M4,218
โรงเรียนสวนกุหลาบวิทยาลัย รังสิต,2566/1,เสียค่าโดยสารโดยใช้พาหนะ,M5,228
โรงเรียนสวนกุหลาบวิทยาลัย รังสิต,2566/1,เสียค่าโดยสารโดยใช้พาหนะ,M6,220
โรงเรียนสวนกุหลาบวิทยาลัย รังสิต,2566/1,ไม่เสียค่าโดยสารโดยใช้พาหนะ,P1,0
โรงเรียนสวนกุหลาบวิทยาลัย รังสิต,2566/1,ไม่เสียค่าโดยสารโดยใช้พาหนะ,P2,0
โรงเรียนสวนกุหลาบวิทยาลัย รังสิต,2566/1,ไม่เสียค่าโดยสารโดยใช้พาหนะ,P3,0
โรงเรียนสวนกุหลาบวิทยาลัย รังสิต,2566/1,ไม่เสียค่าโดยสารโดยใช้พาหนะ,P4,0
โรงเรียนสวนกุหลาบวิทยาลัย รังสิต,2566/1,ไม่เสียค่าโดยสารโดยใช้พาหนะ,P5,0
โรงเรียนสวนกุหลาบวิทยาลัย รังสิต,2566/1,ไม่เสียค่าโดยสารโดยใช้พาหนะ,P6,0
โรงเรียนสวนกุหลาบวิทยาลัย รังสิต,2566/1,ไม่เสียค่าโดยสารโดยใช้พาหนะ,M1,201
โรงเรียนสวนกุหลาบวิทยาลัย รังสิต,2566/1,ไม่เสียค่าโดยสารโดยใช้พาหนะ,M2,227
โรงเรียนสวนกุหลาบวิทยาลัย รังสิต,2566/1,ไม่เสียค่าโดยสารโดยใช้พาหนะ,M3,206
โรงเรียนสวนกุหลาบวิทยาลัย รังสิต,2566/1,ไม่เสียค่าโดยสารโดยใช้พาหนะ,M4,225
โรงเรียนสวนกุหลาบวิทยาลัย รังสิต,2566/1,ไม่เสียค่าโดยสารโดยใช้พาหนะ,M5,173
โรงเรียนสวนกุหลาบวิทยาลัย รังสิต,2566/1,ไม่เสียค่าโดยสารโดยใช้พาหนะ,M6,136
โรงเรียนสวนกุหลาบวิทยาลัย รังสิต,2566/1,นักเรียนอยู่ห่างเกิน 3 กม.,P1,0
โรงเรียนสวนกุหลาบวิทยาลัย รังสิต,2566/1,นักเรียนอยู่ห่างเกิน 3 กม.,P2,0
โรงเรียนสวนกุหลาบวิทยาลัย รังสิต,2566/1,นักเรียนอยู่ห่างเกิน 3 กม.,P3,0
โรงเรียนสวนกุหลาบวิทยาลัย รังสิต,2566/1,นักเรียนอยู่ห่างเกิน 3 กม.,P4,0
โรงเรียนสวนกุหลาบวิทยาลัย รังสิต,2566/1,นักเรียนอยู่ห่างเกิน 3 กม.,P5,0
โรงเรียนสวนกุหลาบวิทยาลัย รังสิต,2566/1,นักเรียนอยู่ห่างเกิน 3 กม.,P6,0
โรงเรียนสวนกุหลาบวิทยาลัย รังสิต,2566/1,นักเรียนอยู่ห่างเกิน 3 กม.,M1,400
โรงเรียนสวนกุหลาบวิทยาลัย รังสิต,2566/1,นักเรียนอยู่ห่างเกิน 3 กม.,M2,415
โรงเรียนสวนกุหลาบวิทยาลัย รังสิต,2566/1,นักเรียนอยู่ห่างเกิน 3 กม.,M3,398
โรงเรียนสวนกุหลาบวิทยาลัย รังสิต,2566/1,นักเรียนอยู่ห่างเกิน 3 กม.,M4,445
โรงเรียนสวนกุหลาบวิทยาลัย รังสิต,2566/1,นักเรียนอยู่ห่างเกิน 3 กม.,M5,411
โรงเรียนสวนกุหลาบวิทยาลัย รังสิต,2566/1,นักเรียนอยู่ห่างเกิน 3 กม.,M6,357
โรงเรียนสวนกุหลาบวิทยาลัย รังสิต,2566/1,เดินเท้า,P1,0
โรงเรียนสวนกุหลาบวิทยาลัย รังสิต,2566/1,เดินเท้า,P2,0
โรงเรียนสวนกุหลาบวิทยาลัย รังสิต,2566/1,เดินเท้า,P3,0
โรงเรียนสวนกุหลาบวิทยาลัย รังสิต,2566/1,เดินเท้า,P4,0
โรงเรียนสวนกุหลาบวิทยาลัย รังสิต,2566/1,เดินเท้า,P5,0
โรงเรียนสวนกุหลาบวิทยาลัย รังสิต,2566/1,เดินเท้า,P6,0
โรงเรียนสวนกุหลาบวิทยาลัย รังสิต,2566/1,เดินเท้า,M1,0
โรงเรียนสวนกุหลาบวิทยาลัย รังสิต,2566/1,เดินเท้า,M2,0
โรงเรียนสวนกุหลาบวิทยาลัย รังสิต,2566/1,เดินเท้า,M3,3
โรงเรียนสวนกุหลาบวิทยาลัย รังสิต,2566/1,เดินเท้า,M4,2
โรงเรียนสวนกุหลาบวิทยาลัย รังสิต,2566/1,เดินเท้า,M5,10
โรงเรียนสวนกุหลาบวิทยาลัย รังสิต,2566/1,เดินเท้า,M6,1
โรงเรียนธรรมศาสตร์คลองหลวงวิทยาคม,2566/1,เสียค่าโดยสารโดยใช้พาหนะ,P1,0
โรงเรียนธรรมศาสตร์คลองหลวงวิทยาคม,2566/1,เสียค่าโดยสารโดยใช้พาหนะ,P2,0
โรงเรียนธรรมศาสตร์คลองหลวงวิทยาคม,2566/1,เสียค่าโดยสารโดยใช้พาหนะ,P3,0
โรงเรียนธรรมศาสตร์คลองหลวงวิทยาคม,2566/1,เสียค่าโดยสารโดยใช้พาหนะ,P4,0
โรงเรียนธรรมศาสตร์คลองหลวงวิทยาคม,2566/1,เสียค่าโดยสารโดยใช้พาหนะ,P5,0
โรงเรียนธรรมศาสตร์คลองหลวงวิทยาคม,2566/1,เสียค่าโดยสารโดยใช้พาหนะ,P6,0
โรงเรียนธรรมศาสตร์คลองหลวงวิทยาคม,2566/1,เสียค่าโดยสารโดยใช้พาหนะ,M1,422
โรงเรียนธรรมศาสตร์คลองหลวงวิทยาคม,2566/1,เสียค่าโดยสารโดยใช้พาหนะ,M2,468
โรงเรียนธรรมศาสตร์คลองหลวงวิทยาคม,2566/1,เสียค่าโดยสารโดยใช้พาหนะ,M3,407
โรงเรียนธรรมศาสตร์คลองหลวงวิทยาคม,2566/1,เสียค่าโดยสารโดยใช้พาหนะ,M4,372
โรงเรียนธรรมศาสตร์คลองหลวงวิทยาคม,2566/1,เสียค่าโดยสารโดยใช้พาหนะ,M5,271
โรงเรียนธรรมศาสตร์คลองหลวงวิทยาคม,2566/1,เสียค่าโดยสารโดยใช้พาหนะ,M6,445
โรงเรียนธรรมศาสตร์คลองหลวงวิทยาคม,2566/1,ไม่เสียค่าโดยสารโดยใช้พาหนะ,P1,0
โรงเรียนธรรมศาสตร์คลองหลวงวิทยาคม,2566/1,ไม่เสียค่าโดยสารโดยใช้พาหนะ,P2,0
โรงเรียนธรรมศาสตร์คลองหลวงวิทยาคม,2566/1,ไม่เสียค่าโดยสารโดยใช้พาหนะ,P3,0
โรงเรียนธรรมศาสตร์คลองหลวงวิทยาคม,2566/1,ไม่เสียค่าโดยสารโดยใช้พาหนะ,P4,0
โรงเรียนธรรมศาสตร์คลองหลวงวิทยาคม,2566/1,ไม่เสียค่าโดยสารโดยใช้พาหนะ,P5,0
โรงเรียนธรรมศาสตร์คลองหลวงวิทยาคม,2566/1,ไม่เสียค่าโดยสารโดยใช้พาหนะ,P6,0
โรงเรียนธรรมศาสตร์คลองหลวงวิทยาคม,2566/1,ไม่เสียค่าโดยสารโดยใช้พาหนะ,M1,200
โรงเรียนธรรมศาสตร์คลองหลวงวิทยาคม,2566/1,ไม่เสียค่าโดยสารโดยใช้พาหนะ,M2,200
โรงเรียนธรรมศาสตร์คลองหลวงวิทยาคม,2566/1,ไม่เสียค่าโดยสารโดยใช้พาหนะ,M3,101
โรงเรียนธรรมศาสตร์คลองหลวงวิทยาคม,2566/1,ไม่เสียค่าโดยสารโดยใช้พาหนะ,M4,229
โรงเรียนธรรมศาสตร์คลองหลวงวิทยาคม,2566/1,ไม่เสียค่าโดยสารโดยใช้พาหนะ,M5,169
โรงเรียนธรรมศาสตร์คลองหลวงวิทยาคม,2566/1,ไม่เสียค่าโดยสารโดยใช้พาหนะ,M6,175
โรงเรียนธรรมศาสตร์คลองหลวงวิทยาคม,2566/1,นักเรียนอยู่ห่างเกิน 3 กม.,P1,0
โรงเรียนธรรมศาสตร์คลองหลวงวิทยาคม,2566/1,นักเรียนอยู่ห่างเกิน 3 กม.,P2,0
โรงเรียนธรรมศาสตร์คลองหลวงวิทยาคม,2566/1,นักเรียนอยู่ห่างเกิน 3 กม.,P3,0
โรงเรียนธรรมศาสตร์คลองหลวงวิทยาคม,2566/1,นักเรียนอยู่ห่างเกิน 3 กม.,P4,0
โรงเรียนธรรมศาสตร์คลองหลวงวิทยาคม,2566/1,นักเรียนอยู่ห่างเกิน 3 กม.,P5,0
โรงเรียนธรรมศาสตร์คลองหลวงวิทยาคม,2566/1,นักเรียนอยู่ห่างเกิน 3 กม.,P6,0
โรงเรียนธรรมศาสตร์คลองหลวงวิทยาคม,2566/1,นักเรียนอยู่ห่างเกิน 3 กม.,M1,625
โรงเรียนธรรมศาสตร์คลองหลวงวิทยาคม,2566/1,นักเรียนอยู่ห่างเกิน 3 กม.,M2,673
โรงเรียนธรรมศาสตร์คลองหลวงวิทยาคม,2566/1,นักเรียนอยู่ห่างเกิน 3 กม.,M3,510
โรงเรียนธรรมศาสตร์คลองหลวงวิทยาคม,2566/1,นักเรียนอยู่ห่างเกิน 3 กม.,M4,606
โรงเรียนธรรมศาสตร์คลองหลวงวิทยาคม,2566/1,นักเรียนอยู่ห่างเกิน 3 กม.,M5,531
โรงเรียนธรรมศาสตร์คลองหลวงวิทยาคม,2566/1,นักเรียนอยู่ห่างเกิน 3 กม.,M6,625
โรงเรียนธรรมศาสตร์คลองหลวงวิทยาคม,2566/1,เดินเท้า,P1,0
โรงเรียนธรรมศาสตร์คลองหลวงวิทยาคม,2566/1,เดินเท้า,P2,0
โรงเรียนธรรมศาสตร์คลองหลวงวิทยาคม,2566/1,เดินเท้า,P3,0
โรงเรียนธรรมศาสตร์คลองหลวงวิทยาคม,2566/1,เดินเท้า,P4,0
โรงเรียนธรรมศาสตร์คลองหลวงวิทยาคม,2566/1,เดินเท้า,P5,0
โรงเรียนธรรมศาสตร์คลองหลวงวิทยาคม,2566/1,เดินเท้า,P6,0
โรงเรียนธรรมศาสตร์คลองหลวงวิทยาคม,2566/1,เดินเท้า,M1,3
โรงเรียนธรรมศาสตร์คลองหลวงวิทยาคม,2566/1,เดินเท้า,M2,5
โรงเรียนธรรมศาสตร์คลองหลวงวิทยาคม,2566/1,เดินเท้า,M3,2
โรงเรียนธรรมศาสตร์คลองหลวงวิทยาคม,2566/1,เดินเท้า,M4,5
โรงเรียนธรรมศาสตร์คลองหลวงวิทยาคม,2566/1,เดินเท้า,M5,91
โรงเรียนธรรมศาสตร์คลองหลวงวิทยาคม,2566/1,เดินเท้า,M6,5
โรงเรียนบัวแก้วเกษร,2566/1,เสียค่าโดยสารโดยใช้พาหนะ,P1,0
โรงเรียนบัวแก้วเกษร,2566/1,เสียค่าโดยสารโดยใช้พาหนะ,P2,0
โรงเรียนบัวแก้วเกษร,2566/1,เสียค่าโดยสารโดยใช้พาหนะ,P3,0
โรงเรียนบัวแก้วเกษร,2566/1,เสียค่าโดยสารโดยใช้พาหนะ,P4,0
โรงเรียนบัวแก้วเกษร,2566/1,เสียค่าโดยสารโดยใช้พาหนะ,P5,0
โรงเรียนบัวแก้วเกษร,2566/1,เสียค่าโดยสารโดยใช้พาหนะ,P6,0
โรงเรียนบัวแก้วเกษร,2566/1,เสียค่าโดยสารโดยใช้พาหนะ,M1,69
โรงเรียนบัวแก้วเกษร,2566/1,เสียค่าโดยสารโดยใช้พาหนะ,M2,79
โรงเรียนบัวแก้วเกษร,2566/1,เสียค่าโดยสารโดยใช้พาหนะ,M3,80
โรงเรียนบัวแก้วเกษร,2566/1,เสียค่าโดยสารโดยใช้พาหนะ,M4,34
โรงเรียนบัวแก้วเกษร,2566/1,เสียค่าโดยสารโดยใช้พาหนะ,M5,19
โรงเรียนบัวแก้วเกษร,2566/1,เสียค่าโดยสารโดยใช้พาหนะ,M6,39
โรงเรียนบัวแก้วเกษร,2566/1,ไม่เสียค่าโดยสารโดยใช้พาหนะ,P1,0
โรงเรียนบัวแก้วเกษร,2566/1,ไม่เสียค่าโดยสารโดยใช้พาหนะ,P2,0
โรงเรียนบัวแก้วเกษร,2566/1,ไม่เสียค่าโดยสารโดยใช้พาหนะ,P3,0
โรงเรียนบัวแก้วเกษร,2566/1,ไม่เสียค่าโดยสารโดยใช้พาหนะ,P4,0
โรงเรียนบัวแก้วเกษร,2566/1,ไม่เสียค่าโดยสารโดยใช้พาหนะ,P5,0
โรงเรียนบัวแก้วเกษร,2566/1,ไม่เสียค่าโดยสารโดยใช้พาหนะ,P6,0
โรงเรียนบัวแก้วเกษร,2566/1,ไม่เสียค่าโดยสารโดยใช้พาหนะ,M1,32
โรงเรียนบัวแก้วเกษร,2566/1,ไม่เสียค่าโดยสารโดยใช้พาหนะ,M2,25
โรงเรียนบัวแก้วเกษร,2566/1,ไม่เสียค่าโดยสารโดยใช้พาหนะ,M3,27
โรงเรียนบัวแก้วเกษร,2566/1,ไม่เสียค่าโดยสารโดยใช้พาหนะ,M4,20
โรงเรียนบัวแก้วเกษร,2566/1,ไม่เสียค่าโดยสารโดยใช้พาหนะ,M5,36
โรงเรียนบัวแก้วเกษร,2566/1,ไม่เสียค่าโดยสารโดยใช้พาหนะ,M6,26
โรงเรียนบัวแก้วเกษร,2566/1,นักเรียนอยู่ห่างเกิน 3 กม.,P1,0
โรงเรียนบัวแก้วเกษร,2566/1,นักเรียนอยู่ห่างเกิน 3 กม.,P2,0
โรงเรียนบัวแก้วเกษร,2566/1,นักเรียนอยู่ห่างเกิน 3 กม.,P3,0
โรงเรียนบัวแก้วเกษร,2566/1,นักเรียนอยู่ห่างเกิน 3 กม.,P4,0
โรงเรียนบัวแก้วเกษร,2566/1,นักเรียนอยู่ห่างเกิน 3 กม.,P5,0
โรงเรียนบัวแก้วเกษร,2566/1,นักเรียนอยู่ห่างเกิน 3 กม.,P6,0
โรงเรียนบัวแก้วเกษร,2566/1,นักเรียนอยู่ห่างเกิน 3 กม.,M1,102
โรงเรียนบัวแก้วเกษร,2566/1,นักเรียนอยู่ห่างเกิน 3 กม.,M2,106
โรงเรียนบัวแก้วเกษร,2566/1,นักเรียนอยู่ห่างเกิน 3 กม.,M3,137
โรงเรียนบัวแก้วเกษร,2566/1,นักเรียนอยู่ห่างเกิน 3 กม.,M4,55
โรงเรียนบัวแก้วเกษร,2566/1,นักเรียนอยู่ห่างเกิน 3 กม.,M5,60
โรงเรียนบัวแก้วเกษร,2566/1,นักเรียนอยู่ห่างเกิน 3 กม.,M6,68
โรงเรียนบัวแก้วเกษร,2566/1,เดินเท้า,P1,0
โรงเรียนบัวแก้วเกษร,2566/1,เดินเท้า,P2,0
โรงเรียนบัวแก้วเกษร,2566/1,เดินเท้า,P3,0
โรงเรียนบัวแก้วเกษร,2566/1,เดินเท้า,P4,0
โรงเรียนบัวแก้วเกษร,2566/1,เดินเท้า,P5,0
โรงเรียนบัวแก้วเกษร,2566/1,เดินเท้า,P6,0
โรงเรียนบัวแก้วเกษร,2566/1,เดินเท้า,M1,0
โรงเรียนบัวแก้วเกษร,2566/1,เดินเท้า,M2,2
โรงเรียนบัวแก้วเกษร,2566/1,เดินเท้า,M3,30
โรงเรียนบัวแก้วเกษร,2566/1,เดินเท้า,M4,1
โรงเรียนบัวแก้วเกษร,2566/1,เดินเท้า,M5,5
โรงเรียนบัวแก้วเกษร,2566/1,เดินเท้า,M6,3
โรงเรียนบัวแก้วเกษร,2566/1,จักรยานยืมเรียน,P1,0
โรงเรียนบัวแก้วเกษร,2566/1,จักรยานยืมเรียน,P2,0
โรงเรียนบัวแก้วเกษร,2566/1,จักรยานยืมเรียน,P3,0
โรงเรียนบัวแก้วเกษร,2566/1,จักรยานยืมเรียน,P4,0
โรงเรียนบัวแก้วเกษร,2566/1,จักรยานยืมเรียน,P5,0
โรงเรียนบัวแก้วเกษร,2566/1,จักรยานยืมเรียน,P6,0
โรงเรียนบัวแก้วเกษร,2566/1,จักรยานยืมเรียน,M1,1
โรงเรียนบัวแก้วเกษร,2566/1,จักรยานยืมเรียน,M2,0
โรงเรียนบัวแก้วเกษร,2566/1,จักรยานยืมเรียน,M3,0
โรงเรียนบัวแก้วเกษร,2566/1,จักรยานยืมเรียน,M4,0
โรงเรียนบัวแก้วเกษร,2566/1,จักรยานยืมเรียน,M5,0
โรงเรียนบัวแก้วเกษร,2566/1,จักรยานยืมเรียน,M6,0
โรงเรียนวรราชาทินัดดามาตุวิทยา,2566/1,เสียค่าโดยสารโดยใช้พาหนะ,P1,5
โรงเรียนวรราชาทินัดดามาตุวิทยา,2566/1,เสียค่าโดยสารโดยใช้พาหนะ,P2,4
โรงเรียนวรราชาทินัดดามาตุวิทยา,2566/1,เสียค่าโดยสารโดยใช้พาหนะ,P3,6
โรงเรียนวรราชาทินัดดามาตุวิทยา,2566/1,เสียค่าโดยสารโดยใช้พาหนะ,P4,8
โรงเรียนวรราชาทินัดดามาตุวิทยา,2566/1,เสียค่าโดยสารโดยใช้พาหนะ,P5,17
โรงเรียนวรราชาทินัดดามาตุวิทยา,2566/1,เสียค่าโดยสารโดยใช้พาหนะ,P6,2
โรงเรียนวรราชาทินัดดามาตุวิทยา,2566/1,เสียค่าโดยสารโดยใช้พาหนะ,M1,67
โรงเรียนวรราชาทินัดดามาตุวิทยา,2566/1,เสียค่าโดยสารโดยใช้พาหนะ,M2,64
โรงเรียนวรราชาทินัดดามาตุวิทยา,2566/1,เสียค่าโดยสารโดยใช้พาหนะ,M3,69
โรงเรียนวรราชาทินัดดามาตุวิทยา,2566/1,เสียค่าโดยสารโดยใช้พาหนะ,M4,74
โรงเรียนวรราชาทินัดดามาตุวิทยา,2566/1,เสียค่าโดยสารโดยใช้พาหนะ,M5,72
โรงเรียนวรราชาทินัดดามาตุวิทยา,2566/1,เสียค่าโดยสารโดยใช้พาหนะ,M6,54
โรงเรียนวรราชาทินัดดามาตุวิทยา,2566/1,ไม่เสียค่าโดยสารโดยใช้พาหนะ,P1,43
โรงเรียนวรราชาทินัดดามาตุวิทยา,2566/1,ไม่เสียค่าโดยสารโดยใช้พาหนะ,P2,35
โรงเรียนวรราชาทินัดดามาตุวิทยา,2566/1,ไม่เสียค่าโดยสารโดยใช้พาหนะ,P3,30
โรงเรียนวรราชาทินัดดามาตุวิทยา,2566/1,ไม่เสียค่าโดยสารโดยใช้พาหนะ,P4,40
โรงเรียนวรราชาทินัดดามาตุวิทยา,2566/1,ไม่เสียค่าโดยสารโดยใช้พาหนะ,P5,35
โรงเรียนวรราชาทินัดดามาตุวิทยา,2566/1,ไม่เสียค่าโดยสารโดยใช้พาหนะ,P6,36
โรงเรียนวรราชาทินัดดามาตุวิทยา,2566/1,ไม่เสียค่าโดยสารโดยใช้พาหนะ,M1,105
โรงเรียนวรราชาทินัดดามาตุวิทยา,2566/1,ไม่เสียค่าโดยสารโดยใช้พาหนะ,M2,73
โรงเรียนวรราชาทินัดดามาตุวิทยา,2566/1,ไม่เสียค่าโดยสารโดยใช้พาหนะ,M3,85
โรงเรียนวรราชาทินัดดามาตุวิทยา,2566/1,ไม่เสียค่าโดยสารโดยใช้พาหนะ,M4,90
โรงเรียนวรราชาทินัดดามาตุวิทยา,2566/1,ไม่เสียค่าโดยสารโดยใช้พาหนะ,M5,53
โรงเรียนวรราชาทินัดดามาตุวิทยา,2566/1,ไม่เสียค่าโดยสารโดยใช้พาหนะ,M6,39
โรงเรียนวรราชาทินัดดามาตุวิทยา,2566/1,นักเรียนอยู่ห่างเกิน 3 กม.,P1,48
โรงเรียนวรราชาทินัดดามาตุวิทยา,2566/1,นักเรียนอยู่ห่างเกิน 3 กม.,P2,39
โรงเรียนวรราชาทินัดดามาตุวิทยา,2566/1,นักเรียนอยู่ห่างเกิน 3 กม.,P3,36
โรงเรียนวรราชาทินัดดามาตุวิทยา,2566/1,นักเรียนอยู่ห่างเกิน 3 กม.,P4,48
โรงเรียนวรราชาทินัดดามาตุวิทยา,2566/1,นักเรียนอยู่ห่างเกิน 3 กม.,P5,53
โรงเรียนวรราชาทินัดดามาตุวิทยา,2566/1,นักเรียนอยู่ห่างเกิน 3 กม.,P6,38
โรงเรียนวรราชาทินัดดามาตุวิทยา,2566/1,นักเรียนอยู่ห่างเกิน 3 กม.,M1,176
โรงเรียนวรราชาทินัดดามาตุวิทยา,2566/1,นักเรียนอยู่ห่างเกิน 3 กม.,M2,140
โรงเรียนวรราชาทินัดดามาตุวิทยา,2566/1,นักเรียนอยู่ห่างเกิน 3 กม.,M3,157
โรงเรียนวรราชาทินัดดามาตุวิทยา,2566/1,นักเรียนอยู่ห่างเกิน 3 กม.,M4,169
โรงเรียนวรราชาทินัดดามาตุวิทยา,2566/1,นักเรียนอยู่ห่างเกิน 3 กม.,M5,129
โรงเรียนวรราชาทินัดดามาตุวิทยา,2566/1,นักเรียนอยู่ห่างเกิน 3 กม.,M6,94
โรงเรียนวรราชาทินัดดามาตุวิทยา,2566/1,เดินเท้า,P1,0
โรงเรียนวรราชาทินัดดามาตุวิทยา,2566/1,เดินเท้า,P2,0
โรงเรียนวรราชาทินัดดามาตุวิทยา,2566/1,เดินเท้า,P3,0
โรงเรียนวรราชาทินัดดามาตุวิทยา,2566/1,เดินเท้า,P4,0
โรงเรียนวรราชาทินัดดามาตุวิทยา,2566/1,เดินเท้า,P5,1
โรงเรียนวรราชาทินัดดามาตุวิทยา,2566/1,เดินเท้า,P6,0
โรงเรียนวรราชาทินัดดามาตุวิทยา,2566/1,เดินเท้า,M1,4
โรงเรียนวรราชาทินัดดามาตุวิทยา,2566/1,เดินเท้า,M2,3
โรงเรียนวรราชาทินัดดามาตุวิทยา,2566/1,เดินเท้า,M3,2
โรงเรียนวรราชาทินัดดามาตุวิทยา,2566/1,เดินเท้า,M4,4
โรงเรียนวรราชาทินัดดามาตุวิทยา,2566/1,เดินเท้า,M5,4
โรงเรียนวรราชาทินัดดามาตุวิทยา,2566/1,เดินเท้า,M6,1
โรงเรียนวรราชาทินัดดามาตุวิทยา,2566/1,จักรยานยืมเรียน,P1,0
โรงเรียนวรราชาทินัดดามาตุวิทยา,2566/1,จักรยานยืมเรียน,P2,0
โรงเรียนวรราชาทินัดดามาตุวิทยา,2566/1,จักรยานยืมเรียน,P3,0
โรงเรียนวรราชาทินัดดามาตุวิทยา,2566/1,จักรยานยืมเรียน,P4,0
โรงเรียนวรราชาทินัดดามาตุวิทยา,2566/1,จักรยานยืมเรียน,P5,0
โรงเรียนวรราชาทินัดดามาตุวิทยา,2566/1,จักรยานยืมเรียน,P6,0
โรงเรียนวรราชาทินัดดามาตุวิทยา,2566/1,จักรยานยืมเรียน,M1,0
โรงเรียนวรราชาทินัดดามาตุวิทยา,2566/1,จักรยานยืมเรียน,M2,0
โรงเรียนวรราชาทินัดดามาตุวิทยา,2566/1,จักรยานยืมเรียน,M3,1
โรงเรียนวรราชาทินัดดามาตุวิทยา,2566/1,จักรยานยืมเรียน,M4,1
โรงเรียนวรราชาทินัดดามาตุวิทยา,2566/1,จักรยานยืมเรียน,M5,0
โรงเรียนวรราชาทินัดดามาตุวิทยา,2566/1,จักรยานยืมเรียน,M6,0
โรงเรียนสุนทโรเมตตาประชาสรรค์,2566/1,เสียค่าโดยสารโดยใช้พาหนะ,P1,0
โรงเรียนสุนทโรเมตตาประชาสรรค์,2566/1,เสียค่าโดยสารโดยใช้พาหนะ,P2,0
โรงเรียนสุนทโรเมตตาประชาสรรค์,2566/1,เสียค่าโดยสารโดยใช้พาหนะ,P3,0
โรงเรียนสุนทโรเมตตาประชาสรรค์,2566/1,เสียค่าโดยสารโดยใช้พาหนะ,P4,0
โรงเรียนสุนทโรเมตตาประชาสรรค์,2566/1,เสียค่าโดยสารโดยใช้พาหนะ,P5,0
โรงเรียนสุนทโรเมตตาประชาสรรค์,2566/1,เสียค่าโดยสารโดยใช้พาหนะ,P6,0
โรงเรียนสุนทโรเมตตาประชาสรรค์,2566/1,เสียค่าโดยสารโดยใช้พาหนะ,M1,5
โรงเรียนสุนทโรเมตตาประชาสรรค์,2566/1,เสียค่าโดยสารโดยใช้พาหนะ,M2,8
โรงเรียนสุนทโรเมตตาประชาสรรค์,2566/1,เสียค่าโดยสารโดยใช้พาหนะ,M3,4
โรงเรียนสุนทโรเมตตาประชาสรรค์,2566/1,เสียค่าโดยสารโดยใช้พาหนะ,M4,7
โรงเรียนสุนทโรเมตตาประชาสรรค์,2566/1,เสียค่าโดยสารโดยใช้พาหนะ,M5,2
โรงเรียนสุนทโรเมตตาประชาสรรค์,2566/1,เสียค่าโดยสารโดยใช้พาหนะ,M6,5
โรงเรียนสุนทโรเมตตาประชาสรรค์,2566/1,ไม่เสียค่าโดยสารโดยใช้พาหนะ,P1,0
โรงเรียนสุนทโรเมตตาประชาสรรค์,2566/1,ไม่เสียค่าโดยสารโดยใช้พาหนะ,P2,0
โรงเรียนสุนทโรเมตตาประชาสรรค์,2566/1,ไม่เสียค่าโดยสารโดยใช้พาหนะ,P3,0
โรงเรียนสุนทโรเมตตาประชาสรรค์,2566/1,ไม่เสียค่าโดยสารโดยใช้พาหนะ,P4,0
โรงเรียนสุนทโรเมตตาประชาสรรค์,2566/1,ไม่เสียค่าโดยสารโดยใช้พาหนะ,P5,0
โรงเรียนสุนทโรเมตตาประชาสรรค์,2566/1,ไม่เสียค่าโดยสารโดยใช้พาหนะ,P6,0
โรงเรียนสุนทโรเมตตาประชาสรรค์,2566/1,ไม่เสียค่าโดยสารโดยใช้พาหนะ,M1,7
โรงเรียนสุนทโรเมตตาประชาสรรค์,2566/1,ไม่เสียค่าโดยสารโดยใช้พาหนะ,M2,4
โรงเรียนสุนทโรเมตตาประชาสรรค์,2566/1,ไม่เสียค่าโดยสารโดยใช้พาหนะ,M3,3
โรงเรียนสุนทโรเมตตาประชาสรรค์,2566/1,ไม่เสียค่าโดยสารโดยใช้พาหนะ,M4,9
โรงเรียนสุนทโรเมตตาประชาสรรค์,2566/1,ไม่เสียค่าโดยสารโดยใช้พาหนะ,M5,0
โรงเรียนสุนทโรเมตตาประชาสรรค์,2566/1,ไม่เสียค่าโดยสารโดยใช้พาหนะ,M6,0
โรงเรียนสุนทโรเมตตาประชาสรรค์,2566/1,นักเรียนอยู่ห่างเกิน 3 กม.,P1,0
โรงเรียนสุนทโรเมตตาประชาสรรค์,2566/1,นักเรียนอยู่ห่างเกิน 3 กม.,P2,0
โรงเรียนสุนทโรเมตตาประชาสรรค์,2566/1,นักเรียนอยู่ห่างเกิน 3 กม.,P3,0
โรงเรียนสุนทโรเมตตาประชาสรรค์,2566/1,นักเรียนอยู่ห่างเกิน 3 กม.,P4,0
โรงเรียนสุนทโรเมตตาประชาสรรค์,2566/1,นักเรียนอยู่ห่างเกิน 3 กม.,P5,0
โรงเรียนสุนทโรเมตตาประชาสรรค์,2566/1,นักเรียนอยู่ห่างเกิน 3 กม.,P6,0
โรงเรียนสุนทโรเมตตาประชาสรรค์,2566/1,นักเรียนอยู่ห่างเกิน 3 กม.,M1,12
โรงเรียนสุนทโรเมตตาประชาสรรค์,2566/1,นักเรียนอยู่ห่างเกิน 3 กม.,M2,12
โรงเรียนสุนทโรเมตตาประชาสรรค์,2566/1,นักเรียนอยู่ห่างเกิน 3 กม.,M3,7
โรงเรียนสุนทโรเมตตาประชาสรรค์,2566/1,นักเรียนอยู่ห่างเกิน 3 กม.,M4,16
โรงเรียนสุนทโรเมตตาประชาสรรค์,2566/1,นักเรียนอยู่ห่างเกิน 3 กม.,M5,2
โรงเรียนสุนทโรเมตตาประชาสรรค์,2566/1,นักเรียนอยู่ห่างเกิน 3 กม.,M6,5
โรงเรียนวิทยาศาสตร์จุฬาภรณราชวิทยาลัย ปทุมธานี,2566/1,เสียค่าโดยสารโดยใช้พาหนะ,P1,0
โรงเรียนวิทยาศาสตร์จุฬาภรณราชวิทยาลัย ปทุมธานี,2566/1,เสียค่าโดยสารโดยใช้พาหนะ,P2,0
โรงเรียนวิทยาศาสตร์จุฬาภรณราชวิทยาลัย ปทุมธานี,2566/1,เสียค่าโดยสารโดยใช้พาหนะ,P3,0
โรงเรียนวิทยาศาสตร์จุฬาภรณราชวิทยาลัย ปทุมธานี,2566/1,เสียค่าโดยสารโดยใช้พาหนะ,P4,0
โรงเรียนวิทยาศาสตร์จุฬาภรณราชวิทยาลัย ปทุมธานี,2566/1,เสียค่าโดยสารโดยใช้พาหนะ,P5,0
โรงเรียนวิทยาศาสตร์จุฬาภรณราชวิทยาลัย ปทุมธานี,2566/1,เสียค่าโดยสารโดยใช้พาหนะ,P6,0
โรงเรียนวิทยาศาสตร์จุฬาภรณราชวิทยาลัย ปทุมธานี,2566/1,เสียค่าโดยสารโดยใช้พาหนะ,M1,0
โรงเรียนวิทยาศาสตร์จุฬาภรณราชวิทยาลัย ปทุมธานี,2566/1,เสียค่าโดยสารโดยใช้พาหนะ,M2,0
โรงเรียนวิทยาศาสตร์จุฬาภรณราชวิทยาลัย ปทุมธานี,2566/1,เสียค่าโดยสารโดยใช้พาหนะ,M3,0
โรงเรียนวิทยาศาสตร์จุฬาภรณราชวิทยาลัย ปทุมธานี,2566/1,เสียค่าโดยสารโดยใช้พาหนะ,M4,1
โรงเรียนวิทยาศาสตร์จุฬาภรณราชวิทยาลัย ปทุมธานี,2566/1,เสียค่าโดยสารโดยใช้พาหนะ,M5,2
โรงเรียนวิทยาศาสตร์จุฬาภรณราชวิทยาลัย ปทุมธานี,2566/1,เสียค่าโดยสารโดยใช้พาหนะ,M6,1
โรงเรียนวิทยาศาสตร์จุฬาภรณราชวิทยาลัย ปทุมธานี,2566/1,ไม่เสียค่าโดยสารโดยใช้พาหนะ,P1,0
โรงเรียนวิทยาศาสตร์จุฬาภรณราชวิทยาลัย ปทุมธานี,2566/1,ไม่เสียค่าโดยสารโดยใช้พาหนะ,P2,0
โรงเรียนวิทยาศาสตร์จุฬาภรณราชวิทยาลัย ปทุมธานี,2566/1,ไม่เสียค่าโดยสารโดยใช้พาหนะ,P3,0
โรงเรียนวิทยาศาสตร์จุฬาภรณราชวิทยาลัย ปทุมธานี,2566/1,ไม่เสียค่าโดยสารโดยใช้พาหนะ,P4,0
โรงเรียนวิทยาศาสตร์จุฬาภรณราชวิทยาลัย ปทุมธานี,2566/1,ไม่เสียค่าโดยสารโดยใช้พาหนะ,P5,0
โรงเรียนวิทยาศาสตร์จุฬาภรณราชวิทยาลัย ปทุมธานี,2566/1,ไม่เสียค่าโดยสารโดยใช้พาหนะ,P6,0
โรงเรียนวิทยาศาสตร์จุฬาภรณราชวิทยาลัย ปทุมธานี,2566/1,ไม่เสียค่าโดยสารโดยใช้พาหนะ,M1,0
โรงเรียนวิทยาศาสตร์จุฬาภรณราชวิทยาลัย ปทุมธานี,2566/1,ไม่เสียค่าโดยสารโดยใช้พาหนะ,M2,0
โรงเรียนวิทยาศาสตร์จุฬาภรณราชวิทยาลัย ปทุมธานี,2566/1,ไม่เสียค่าโดยสารโดยใช้พาหนะ,M3,1
โรงเรียนวิทยาศาสตร์จุฬาภรณราชวิทยาลัย ปทุมธานี,2566/1,ไม่เสียค่าโดยสารโดยใช้พาหนะ,M4,1
โรงเรียนวิทยาศาสตร์จุฬาภรณราชวิทยาลัย ปทุมธานี,2566/1,ไม่เสียค่าโดยสารโดยใช้พาหนะ,M5,1
โรงเรียนวิทยาศาสตร์จุฬาภรณราชวิทยาลัย ปทุมธานี,2566/1,ไม่เสียค่าโดยสารโดยใช้พาหนะ,M6,0
โรงเรียนวิทยาศาสตร์จุฬาภรณราชวิทยาลัย ปทุมธานี,2566/1,นักเรียนอยู่ห่างเกิน 3 กม.,P1,0
โรงเรียนวิทยาศาสตร์จุฬาภรณราชวิทยาลัย ปทุมธานี,2566/1,นักเรียนอยู่ห่างเกิน 3 กม.,P2,0
โรงเรียนวิทยาศาสตร์จุฬาภรณราชวิทยาลัย ปทุมธานี,2566/1,นักเรียนอยู่ห่างเกิน 3 กม.,P3,0
โรงเรียนวิทยาศาสตร์จุฬาภรณราชวิทยาลัย ปทุมธานี,2566/1,นักเรียนอยู่ห่างเกิน 3 กม.,P4,0
โรงเรียนวิทยาศาสตร์จุฬาภรณราชวิทยาลัย ปทุมธานี,2566/1,นักเรียนอยู่ห่างเกิน 3 กม.,P5,0
โรงเรียนวิทยาศาสตร์จุฬาภรณราชวิทยาลัย ปทุมธานี,2566/1,นักเรียนอยู่ห่างเกิน 3 กม.,P6,0
โรงเรียนวิทยาศาสตร์จุฬาภรณราชวิทยาลัย ปทุมธานี,2566/1,นักเรียนอยู่ห่างเกิน 3 กม.,M1,0
โรงเรียนวิทยาศาสตร์จุฬาภรณราชวิทยาลัย ปทุมธานี,2566/1,นักเรียนอยู่ห่างเกิน 3 กม.,M2,0
โรงเรียนวิทยาศาสตร์จุฬาภรณราชวิทยาลัย ปทุมธานี,2566/1,นักเรียนอยู่ห่างเกิน 3 กม.,M3,1
โรงเรียนวิทยาศาสตร์จุฬาภรณราชวิทยาลัย ปทุมธานี,2566/1,นักเรียนอยู่ห่างเกิน 3 กม.,M4,2
โรงเรียนวิทยาศาสตร์จุฬาภรณราชวิทยาลัย ปทุมธานี,2566/1,นักเรียนอยู่ห่างเกิน 3 กม.,M5,22
โรงเรียนวิทยาศาสตร์จุฬาภรณราชวิทยาลัย ปทุมธานี,2566/1,นักเรียนอยู่ห่างเกิน 3 กม.,M6,1
โรงเรียนวิทยาศาสตร์จุฬาภรณราชวิทยาลัย ปทุมธานี,2566/1,เดินเท้า,P1,0
โรงเรียนวิทยาศาสตร์จุฬาภรณราชวิทยาลัย ปทุมธานี,2566/1,เดินเท้า,P2,0
โรงเรียนวิทยาศาสตร์จุฬาภรณราชวิทยาลัย ปทุมธานี,2566/1,เดินเท้า,P3,0
โรงเรียนวิทยาศาสตร์จุฬาภรณราชวิทยาลัย ปทุมธานี,2566/1,เดินเท้า,P4,0
โรงเรียนวิทยาศาสตร์จุฬาภรณราชวิทยาลัย ปทุมธานี,2566/1,เดินเท้า,P5,0
โรงเรียนวิทยาศาสตร์จุฬาภรณราชวิทยาลัย ปทุมธานี,2566/1,เดินเท้า,P6,0
โรงเรียนวิทยาศาสตร์จุฬาภรณราชวิทยาลัย ปทุมธานี,2566/1,เดินเท้า,M1,0
โรงเรียนวิทยาศาสตร์จุฬาภรณราชวิทยาลัย ปทุมธานี,2566/1,เดินเท้า,M2,0
โรงเรียนวิทยาศาสตร์จุฬาภรณราชวิทยาลัย ปทุมธานี,2566/1,เดินเท้า,M3,0
โรงเรียนวิทยาศาสตร์จุฬาภรณราชวิทยาลัย ปทุมธานี,2566/1,เดินเท้า,M4,0
โรงเรียนวิทยาศาสตร์จุฬาภรณราชวิทยาลัย ปทุมธานี,2566/1,เดินเท้า,M5,19
โรงเรียนวิทยาศาสตร์จุฬาภรณราชวิทยาลัย ปทุมธานี,2566/1,เดินเท้า,M6,0
โรงเรียนชัยสิทธาวาส ,2566/1,เสียค่าโดยสารโดยใช้พาหนะ,P1,0
โรงเรียนชัยสิทธาวาส ,2566/1,เสียค่าโดยสารโดยใช้พาหนะ,P2,0
โรงเรียนชัยสิทธาวาส ,2566/1,เสียค่าโดยสารโดยใช้พาหนะ,P3,0
โรงเรียนชัยสิทธาวาส ,2566/1,เสียค่าโดยสารโดยใช้พาหนะ,P4,0
โรงเรียนชัยสิทธาวาส ,2566/1,เสียค่าโดยสารโดยใช้พาหนะ,P5,0
โรงเรียนชัยสิทธาวาส ,2566/1,เสียค่าโดยสารโดยใช้พาหนะ,P6,0
โรงเรียนชัยสิทธาวาส ,2566/1,เสียค่าโดยสารโดยใช้พาหนะ,M1,20
โรงเรียนชัยสิทธาวาส ,2566/1,เสียค่าโดยสารโดยใช้พาหนะ,M2,25
โรงเรียนชัยสิทธาวาส ,2566/1,เสียค่าโดยสารโดยใช้พาหนะ,M3,27
โรงเรียนชัยสิทธาวาส ,2566/1,เสียค่าโดยสารโดยใช้พาหนะ,M4,16
โรงเรียนชัยสิทธาวาส ,2566/1,เสียค่าโดยสารโดยใช้พาหนะ,M5,8
โรงเรียนชัยสิทธาวาส ,2566/1,เสียค่าโดยสารโดยใช้พาหนะ,M6,11
โรงเรียนชัยสิทธาวาส ,2566/1,ไม่เสียค่าโดยสารโดยใช้พาหนะ,P1,0
โรงเรียนชัยสิทธาวาส ,2566/1,ไม่เสียค่าโดยสารโดยใช้พาหนะ,P2,0
โรงเรียนชัยสิทธาวาส ,2566/1,ไม่เสียค่าโดยสารโดยใช้พาหนะ,P3,0
โรงเรียนชัยสิทธาวาส ,2566/1,ไม่เสียค่าโดยสารโดยใช้พาหนะ,P4,0
โรงเรียนชัยสิทธาวาส ,2566/1,ไม่เสียค่าโดยสารโดยใช้พาหนะ,P5,0
โรงเรียนชัยสิทธาวาส ,2566/1,ไม่เสียค่าโดยสารโดยใช้พาหนะ,P6,0
โรงเรียนชัยสิทธาวาส ,2566/1,ไม่เสียค่าโดยสารโดยใช้พาหนะ,M1,7
โรงเรียนชัยสิทธาวาส ,2566/1,ไม่เสียค่าโดยสารโดยใช้พาหนะ,M2,10
โรงเรียนชัยสิทธาวาส ,2566/1,ไม่เสียค่าโดยสารโดยใช้พาหนะ,M3,9
โรงเรียนชัยสิทธาวาส ,2566/1,ไม่เสียค่าโดยสารโดยใช้พาหนะ,M4,1
โรงเรียนชัยสิทธาวาส ,2566/1,ไม่เสียค่าโดยสารโดยใช้พาหนะ,M5,7
โรงเรียนชัยสิทธาวาส ,2566/1,ไม่เสียค่าโดยสารโดยใช้พาหนะ,M6,4
โรงเรียนชัยสิทธาวาส ,2566/1,นักเรียนอยู่ห่างเกิน 3 กม.,P1,0
โรงเรียนชัยสิทธาวาส ,2566/1,นักเรียนอยู่ห่างเกิน 3 กม.,P2,0
โรงเรียนชัยสิทธาวาส ,2566/1,นักเรียนอยู่ห่างเกิน 3 กม.,P3,0
โรงเรียนชัยสิทธาวาส ,2566/1,นักเรียนอยู่ห่างเกิน 3 กม.,P4,0
โรงเรียนชัยสิทธาวาส ,2566/1,นักเรียนอยู่ห่างเกิน 3 กม.,P5,0
โรงเรียนชัยสิทธาวาส ,2566/1,นักเรียนอยู่ห่างเกิน 3 กม.,P6,0
โรงเรียนชัยสิทธาวาส ,2566/1,นักเรียนอยู่ห่างเกิน 3 กม.,M1,28
โรงเรียนชัยสิทธาวาส ,2566/1,นักเรียนอยู่ห่างเกิน 3 กม.,M2,36
โรงเรียนชัยสิทธาวาส ,2566/1,นักเรียนอยู่ห่างเกิน 3 กม.,M3,36
โรงเรียนชัยสิทธาวาส ,2566/1,นักเรียนอยู่ห่างเกิน 3 กม.,M4,17
โรงเรียนชัยสิทธาวาส ,2566/1,นักเรียนอยู่ห่างเกิน 3 กม.,M5,16
โรงเรียนชัยสิทธาวาส ,2566/1,นักเรียนอยู่ห่างเกิน 3 กม.,M6,16
โรงเรียนชัยสิทธาวาส ,2566/1,เดินเท้า,P1,0
โรงเรียนชัยสิทธาวาส ,2566/1,เดินเท้า,P2,0
โรงเรียนชัยสิทธาวาส ,2566/1,เดินเท้า,P3,0
โรงเรียนชัยสิทธาวาส ,2566/1,เดินเท้า,P4,0
โรงเรียนชัยสิทธาวาส ,2566/1,เดินเท้า,P5,0
โรงเรียนชัยสิทธาวาส ,2566/1,เดินเท้า,P6,0
โรงเรียนชัยสิทธาวาส ,2566/1,เดินเท้า,M1,1
โรงเรียนชัยสิทธาวาส ,2566/1,เดินเท้า,M2,1
โรงเรียนชัยสิทธาวาส ,2566/1,เดินเท้า,M3,0
โรงเรียนชัยสิทธาวาส ,2566/1,เดินเท้า,M4,0
โรงเรียนชัยสิทธาวาส ,2566/1,เดินเท้า,M5,1
โรงเรียนชัยสิทธาวาส ,2566/1,เดินเท้า,M6,0
โรงเรียนชัยสิทธาวาส ,2566/1,จักรยานยืมเรียน,P1,0
โรงเรียนชัยสิทธาวาส ,2566/1,จักรยานยืมเรียน,P2,0
โรงเรียนชัยสิทธาวาส ,2566/1,จักรยานยืมเรียน,P3,0
โรงเรียนชัยสิทธาวาส ,2566/1,จักรยานยืมเรียน,P4,0
โรงเรียนชัยสิทธาวาส ,2566/1,จักรยานยืมเรียน,P5,0
โรงเรียนชัยสิทธาวาส ,2566/1,จักรยานยืมเรียน,P6,0
โรงเรียนชัยสิทธาวาส ,2566/1,จักรยานยืมเรียน,M1,0
โรงเรียนชัยสิทธาวาส ,2566/1,จักรยานยืมเรียน,M2,0
โรงเรียนชัยสิทธาวาส ,2566/1,จักรยานยืมเรียน,M3,0
โรงเรียนชัยสิทธาวาส ,2566/1,จักรยานยืมเรียน,M4,0
โรงเรียนชัยสิทธาวาส ,2566/1,จักรยานยืมเรียน,M5,0
โรงเรียนชัยสิทธาวาส ,2566/1,จักรยานยืมเรียน,M6,1
โรงเรียนเตรียมอุดมศึกษาน้อมเกล้า ปทุมธานี,2566/1,เสียค่าโดยสารโดยใช้พาหนะ,P1,0
โรงเรียนเตรียมอุดมศึกษาน้อมเกล้า ปทุมธานี,2566/1,เสียค่าโดยสารโดยใช้พาหนะ,P2,0
โรงเรียนเตรียมอุดมศึกษาน้อมเกล้า ปทุมธานี,2566/1,เสียค่าโดยสารโดยใช้พาหนะ,P3,0
โรงเรียนเตรียมอุดมศึกษาน้อมเกล้า ปทุมธานี,2566/1,เสียค่าโดยสารโดยใช้พาหนะ,P4,0
โรงเรียนเตรียมอุดมศึกษาน้อมเกล้า ปทุมธานี,2566/1,เสียค่าโดยสารโดยใช้พาหนะ,P5,0
โรงเรียนเตรียมอุดมศึกษาน้อมเกล้า ปทุมธานี,2566/1,เสียค่าโดยสารโดยใช้พาหนะ,P6,0
โรงเรียนเตรียมอุดมศึกษาน้อมเกล้า ปทุมธานี,2566/1,เสียค่าโดยสารโดยใช้พาหนะ,M1,61
โรงเรียนเตรียมอุดมศึกษาน้อมเกล้า ปทุมธานี,2566/1,เสียค่าโดยสารโดยใช้พาหนะ,M2,62
โรงเรียนเตรียมอุดมศึกษาน้อมเกล้า ปทุมธานี,2566/1,เสียค่าโดยสารโดยใช้พาหนะ,M3,134
โรงเรียนเตรียมอุดมศึกษาน้อมเกล้า ปทุมธานี,2566/1,เสียค่าโดยสารโดยใช้พาหนะ,M4,152
โรงเรียนเตรียมอุดมศึกษาน้อมเกล้า ปทุมธานี,2566/1,เสียค่าโดยสารโดยใช้พาหนะ,M5,152
โรงเรียนเตรียมอุดมศึกษาน้อมเกล้า ปทุมธานี,2566/1,เสียค่าโดยสารโดยใช้พาหนะ,M6,181
โรงเรียนเตรียมอุดมศึกษาน้อมเกล้า ปทุมธานี,2566/1,ไม่เสียค่าโดยสารโดยใช้พาหนะ,P1,0
โรงเรียนเตรียมอุดมศึกษาน้อมเกล้า ปทุมธานี,2566/1,ไม่เสียค่าโดยสารโดยใช้พาหนะ,P2,0
โรงเรียนเตรียมอุดมศึกษาน้อมเกล้า ปทุมธานี,2566/1,ไม่เสียค่าโดยสารโดยใช้พาหนะ,P3,0
โรงเรียนเตรียมอุดมศึกษาน้อมเกล้า ปทุมธานี,2566/1,ไม่เสียค่าโดยสารโดยใช้พาหนะ,P4,0
โรงเรียนเตรียมอุดมศึกษาน้อมเกล้า ปทุมธานี,2566/1,ไม่เสียค่าโดยสารโดยใช้พาหนะ,P5,0
โรงเรียนเตรียมอุดมศึกษาน้อมเกล้า ปทุมธานี,2566/1,ไม่เสียค่าโดยสารโดยใช้พาหนะ,P6,0
โรงเรียนเตรียมอุดมศึกษาน้อมเกล้า ปทุมธานี,2566/1,ไม่เสียค่าโดยสารโดยใช้พาหนะ,M1,23
โรงเรียนเตรียมอุดมศึกษาน้อมเกล้า ปทุมธานี,2566/1,ไม่เสียค่าโดยสารโดยใช้พาหนะ,M2,27
โรงเรียนเตรียมอุดมศึกษาน้อมเกล้า ปทุมธานี,2566/1,ไม่เสียค่าโดยสารโดยใช้พาหนะ,M3,10
โรงเรียนเตรียมอุดมศึกษาน้อมเกล้า ปทุมธานี,2566/1,ไม่เสียค่าโดยสารโดยใช้พาหนะ,M4,53
โรงเรียนเตรียมอุดมศึกษาน้อมเกล้า ปทุมธานี,2566/1,ไม่เสียค่าโดยสารโดยใช้พาหนะ,M5,41
โรงเรียนเตรียมอุดมศึกษาน้อมเกล้า ปทุมธานี,2566/1,ไม่เสียค่าโดยสารโดยใช้พาหนะ,M6,27
โรงเรียนเตรียมอุดมศึกษาน้อมเกล้า ปทุมธานี,2566/1,นักเรียนอยู่ห่างเกิน 3 กม.,P1,0
โรงเรียนเตรียมอุดมศึกษาน้อมเกล้า ปทุมธานี,2566/1,นักเรียนอยู่ห่างเกิน 3 กม.,P2,0
โรงเรียนเตรียมอุดมศึกษาน้อมเกล้า ปทุมธานี,2566/1,นักเรียนอยู่ห่างเกิน 3 กม.,P3,0
โรงเรียนเตรียมอุดมศึกษาน้อมเกล้า ปทุมธานี,2566/1,นักเรียนอยู่ห่างเกิน 3 กม.,P4,0
โรงเรียนเตรียมอุดมศึกษาน้อมเกล้า ปทุมธานี,2566/1,นักเรียนอยู่ห่างเกิน 3 กม.,P5,0
โรงเรียนเตรียมอุดมศึกษาน้อมเกล้า ปทุมธานี,2566/1,นักเรียนอยู่ห่างเกิน 3 กม.,P6,0
โรงเรียนเตรียมอุดมศึกษาน้อมเกล้า ปทุมธานี,2566/1,นักเรียนอยู่ห่างเกิน 3 กม.,M1,84
โรงเรียนเตรียมอุดมศึกษาน้อมเกล้า ปทุมธานี,2566/1,นักเรียนอยู่ห่างเกิน 3 กม.,M2,90
โรงเรียนเตรียมอุดมศึกษาน้อมเกล้า ปทุมธานี,2566/1,นักเรียนอยู่ห่างเกิน 3 กม.,M3,145
โรงเรียนเตรียมอุดมศึกษาน้อมเกล้า ปทุมธานี,2566/1,นักเรียนอยู่ห่างเกิน 3 กม.,M4,208
โรงเรียนเตรียมอุดมศึกษาน้อมเกล้า ปทุมธานี,2566/1,นักเรียนอยู่ห่างเกิน 3 กม.,M5,193
โรงเรียนเตรียมอุดมศึกษาน้อมเกล้า ปทุมธานี,2566/1,นักเรียนอยู่ห่างเกิน 3 กม.,M6,208
โรงเรียนเตรียมอุดมศึกษาน้อมเกล้า ปทุมธานี,2566/1,เดินเท้า,P1,0
โรงเรียนเตรียมอุดมศึกษาน้อมเกล้า ปทุมธานี,2566/1,เดินเท้า,P2,0
โรงเรียนเตรียมอุดมศึกษาน้อมเกล้า ปทุมธานี,2566/1,เดินเท้า,P3,0
โรงเรียนเตรียมอุดมศึกษาน้อมเกล้า ปทุมธานี,2566/1,เดินเท้า,P4,0
โรงเรียนเตรียมอุดมศึกษาน้อมเกล้า ปทุมธานี,2566/1,เดินเท้า,P5,0
โรงเรียนเตรียมอุดมศึกษาน้อมเกล้า ปทุมธานี,2566/1,เดินเท้า,P6,0
โรงเรียนเตรียมอุดมศึกษาน้อมเกล้า ปทุมธานี,2566/1,เดินเท้า,M1,0
โรงเรียนเตรียมอุดมศึกษาน้อมเกล้า ปทุมธานี,2566/1,เดินเท้า,M2,1
โรงเรียนเตรียมอุดมศึกษาน้อมเกล้า ปทุมธานี,2566/1,เดินเท้า,M3,1
โรงเรียนเตรียมอุดมศึกษาน้อมเกล้า ปทุมธานี,2566/1,เดินเท้า,M4,3
โรงเรียนเตรียมอุดมศึกษาน้อมเกล้า ปทุมธานี,2566/1,เดินเท้า,M5,0
โรงเรียนเตรียมอุดมศึกษาน้อมเกล้า ปทุมธานี,2566/1,เดินเท้า,M6,0
โรงเรียนเฉลิมพระเกียรติ 60 พรรษา,2566/1,เสียค่าโดยสารโดยใช้พาหนะ,P1,0
โรงเรียนเฉลิมพระเกียรติ 60 พรรษา,2566/1,เสียค่าโดยสารโดยใช้พาหนะ,P2,0
โรงเรียนเฉลิมพระเกียรติ 60 พรรษา,2566/1,เสียค่าโดยสารโดยใช้พาหนะ,P3,0
โรงเรียนเฉลิมพระเกียรติ 60 พรรษา,2566/1,เสียค่าโดยสารโดยใช้พาหนะ,P4,0
โรงเรียนเฉลิมพระเกียรติ 60 พรรษา,2566/1,เสียค่าโดยสารโดยใช้พาหนะ,P5,0
โรงเรียนเฉลิมพระเกียรติ 60 พรรษา,2566/1,เสียค่าโดยสารโดยใช้พาหนะ,P6,0
โรงเรียนเฉลิมพระเกียรติ 60 พรรษา,2566/1,เสียค่าโดยสารโดยใช้พาหนะ,M1,16
โรงเรียนเฉลิมพระเกียรติ 60 พรรษา,2566/1,เสียค่าโดยสารโดยใช้พาหนะ,M2,14
โรงเรียนเฉลิมพระเกียรติ 60 พรรษา,2566/1,เสียค่าโดยสารโดยใช้พาหนะ,M3,14
โรงเรียนเฉลิมพระเกียรติ 60 พรรษา,2566/1,เสียค่าโดยสารโดยใช้พาหนะ,M4,21
โรงเรียนเฉลิมพระเกียรติ 60 พรรษา,2566/1,เสียค่าโดยสารโดยใช้พาหนะ,M5,21
โรงเรียนเฉลิมพระเกียรติ 60 พรรษา,2566/1,เสียค่าโดยสารโดยใช้พาหนะ,M6,21
โรงเรียนเฉลิมพระเกียรติ 60 พรรษา,2566/1,ไม่เสียค่าโดยสารโดยใช้พาหนะ,P1,0
โรงเรียนเฉลิมพระเกียรติ 60 พรรษา,2566/1,ไม่เสียค่าโดยสารโดยใช้พาหนะ,P2,0
โรงเรียนเฉลิมพระเกียรติ 60 พรรษา,2566/1,ไม่เสียค่าโดยสารโดยใช้พาหนะ,P3,0
โรงเรียนเฉลิมพระเกียรติ 60 พรรษา,2566/1,ไม่เสียค่าโดยสารโดยใช้พาหนะ,P4,0
โรงเรียนเฉลิมพระเกียรติ 60 พรรษา,2566/1,ไม่เสียค่าโดยสารโดยใช้พาหนะ,P5,0
โรงเรียนเฉลิมพระเกียรติ 60 พรรษา,2566/1,ไม่เสียค่าโดยสารโดยใช้พาหนะ,P6,0
โรงเรียนเฉลิมพระเกียรติ 60 พรรษา,2566/1,ไม่เสียค่าโดยสารโดยใช้พาหนะ,M1,13
โรงเรียนเฉลิมพระเกียรติ 60 พรรษา,2566/1,ไม่เสียค่าโดยสารโดยใช้พาหนะ,M2,22
โรงเรียนเฉลิมพระเกียรติ 60 พรรษา,2566/1,ไม่เสียค่าโดยสารโดยใช้พาหนะ,M3,19
โรงเรียนเฉลิมพระเกียรติ 60 พรรษา,2566/1,ไม่เสียค่าโดยสารโดยใช้พาหนะ,M4,10
โรงเรียนเฉลิมพระเกียรติ 60 พรรษา,2566/1,ไม่เสียค่าโดยสารโดยใช้พาหนะ,M5,7
โรงเรียนเฉลิมพระเกียรติ 60 พรรษา,2566/1,ไม่เสียค่าโดยสารโดยใช้พาหนะ,M6,9
โรงเรียนเฉลิมพระเกียรติ 60 พรรษา,2566/1,นักเรียนอยู่ห่างเกิน 3 กม.,P1,0
โรงเรียนเฉลิมพระเกียรติ 60 พรรษา,2566/1,นักเรียนอยู่ห่างเกิน 3 กม.,P2,0
โรงเรียนเฉลิมพระเกียรติ 60 พรรษา,2566/1,นักเรียนอยู่ห่างเกิน 3 กม.,P3,0
โรงเรียนเฉลิมพระเกียรติ 60 พรรษา,2566/1,นักเรียนอยู่ห่างเกิน 3 กม.,P4,0
โรงเรียนเฉลิมพระเกียรติ 60 พรรษา,2566/1,นักเรียนอยู่ห่างเกิน 3 กม.,P5,0
โรงเรียนเฉลิมพระเกียรติ 60 พรรษา,2566/1,นักเรียนอยู่ห่างเกิน 3 กม.,P6,0
โรงเรียนเฉลิมพระเกียรติ 60 พรรษา,2566/1,นักเรียนอยู่ห่างเกิน 3 กม.,M1,29
โรงเรียนเฉลิมพระเกียรติ 60 พรรษา,2566/1,นักเรียนอยู่ห่างเกิน 3 กม.,M2,36
โรงเรียนเฉลิมพระเกียรติ 60 พรรษา,2566/1,นักเรียนอยู่ห่างเกิน 3 กม.,M3,33
โรงเรียนเฉลิมพระเกียรติ 60 พรรษา,2566/1,นักเรียนอยู่ห่างเกิน 3 กม.,M4,31
โรงเรียนเฉลิมพระเกียรติ 60 พรรษา,2566/1,นักเรียนอยู่ห่างเกิน 3 กม.,M5,28
โรงเรียนเฉลิมพระเกียรติ 60 พรรษา,2566/1,นักเรียนอยู่ห่างเกิน 3 กม.,M6,30
โรงเรียนธัญรัตน์,2566/1,เสียค่าโดยสารโดยใช้พาหนะ,P1,0
โรงเรียนธัญรัตน์,2566/1,เสียค่าโดยสารโดยใช้พาหนะ,P2,0
โรงเรียนธัญรัตน์,2566/1,เสียค่าโดยสารโดยใช้พาหนะ,P3,0
โรงเรียนธัญรัตน์,2566/1,เสียค่าโดยสารโดยใช้พาหนะ,P4,0
โรงเรียนธัญรัตน์,2566/1,เสียค่าโดยสารโดยใช้พาหนะ,P5,0
โรงเรียนธัญรัตน์,2566/1,เสียค่าโดยสารโดยใช้พาหนะ,P6,0
โรงเรียนธัญรัตน์,2566/1,เสียค่าโดยสารโดยใช้พาหนะ,M1,204
โรงเรียนธัญรัตน์,2566/1,เสียค่าโดยสารโดยใช้พาหนะ,M2,167
โรงเรียนธัญรัตน์,2566/1,เสียค่าโดยสารโดยใช้พาหนะ,M3,208
โรงเรียนธัญรัตน์,2566/1,เสียค่าโดยสารโดยใช้พาหนะ,M4,235
โรงเรียนธัญรัตน์,2566/1,เสียค่าโดยสารโดยใช้พาหนะ,M5,243
โรงเรียนธัญรัตน์,2566/1,เสียค่าโดยสารโดยใช้พาหนะ,M6,205
โรงเรียนธัญรัตน์,2566/1,ไม่เสียค่าโดยสารโดยใช้พาหนะ,P1,0
โรงเรียนธัญรัตน์,2566/1,ไม่เสียค่าโดยสารโดยใช้พาหนะ,P2,0
โรงเรียนธัญรัตน์,2566/1,ไม่เสียค่าโดยสารโดยใช้พาหนะ,P3,0
โรงเรียนธัญรัตน์,2566/1,ไม่เสียค่าโดยสารโดยใช้พาหนะ,P4,0
โรงเรียนธัญรัตน์,2566/1,ไม่เสียค่าโดยสารโดยใช้พาหนะ,P5,0
โรงเรียนธัญรัตน์,2566/1,ไม่เสียค่าโดยสารโดยใช้พาหนะ,P6,0
โรงเรียนธัญรัตน์,2566/1,ไม่เสียค่าโดยสารโดยใช้พาหนะ,M1,94
โรงเรียนธัญรัตน์,2566/1,ไม่เสียค่าโดยสารโดยใช้พาหนะ,M2,128
โรงเรียนธัญรัตน์,2566/1,ไม่เสียค่าโดยสารโดยใช้พาหนะ,M3,74
โรงเรียนธัญรัตน์,2566/1,ไม่เสียค่าโดยสารโดยใช้พาหนะ,M4,110
โรงเรียนธัญรัตน์,2566/1,ไม่เสียค่าโดยสารโดยใช้พาหนะ,M5,127
โรงเรียนธัญรัตน์,2566/1,ไม่เสียค่าโดยสารโดยใช้พาหนะ,M6,126
โรงเรียนธัญรัตน์,2566/1,นักเรียนอยู่ห่างเกิน 3 กม.,P1,0
โรงเรียนธัญรัตน์,2566/1,นักเรียนอยู่ห่างเกิน 3 กม.,P2,0
โรงเรียนธัญรัตน์,2566/1,นักเรียนอยู่ห่างเกิน 3 กม.,P3,0
โรงเรียนธัญรัตน์,2566/1,นักเรียนอยู่ห่างเกิน 3 กม.,P4,0
โรงเรียนธัญรัตน์,2566/1,นักเรียนอยู่ห่างเกิน 3 กม.,P5,0
โรงเรียนธัญรัตน์,2566/1,นักเรียนอยู่ห่างเกิน 3 กม.,P6,0
โรงเรียนธัญรัตน์,2566/1,นักเรียนอยู่ห่างเกิน 3 กม.,M1,299
โรงเรียนธัญรัตน์,2566/1,นักเรียนอยู่ห่างเกิน 3 กม.,M2,330
โรงเรียนธัญรัตน์,2566/1,นักเรียนอยู่ห่างเกิน 3 กม.,M3,290
โรงเรียนธัญรัตน์,2566/1,นักเรียนอยู่ห่างเกิน 3 กม.,M4,346
โรงเรียนธัญรัตน์,2566/1,นักเรียนอยู่ห่างเกิน 3 กม.,M5,377
โรงเรียนธัญรัตน์,2566/1,นักเรียนอยู่ห่างเกิน 3 กม.,M6,331
โรงเรียนธัญรัตน์,2566/1,เดินเท้า,P1,0
โรงเรียนธัญรัตน์,2566/1,เดินเท้า,P2,0
โรงเรียนธัญรัตน์,2566/1,เดินเท้า,P3,0
โรงเรียนธัญรัตน์,2566/1,เดินเท้า,P4,0
โรงเรียนธัญรัตน์,2566/1,เดินเท้า,P5,0
โรงเรียนธัญรัตน์,2566/1,เดินเท้า,P6,0
โรงเรียนธัญรัตน์,2566/1,เดินเท้า,M1,1
โรงเรียนธัญรัตน์,2566/1,เดินเท้า,M2,35
โรงเรียนธัญรัตน์,2566/1,เดินเท้า,M3,8
โรงเรียนธัญรัตน์,2566/1,เดินเท้า,M4,1
โรงเรียนธัญรัตน์,2566/1,เดินเท้า,M5,6
โรงเรียนธัญรัตน์,2566/1,เดินเท้า,M6,0
โรงเรียนธัญรัตน์,2566/1,จักรยานยืมเรียน,P1,0
โรงเรียนธัญรัตน์,2566/1,จักรยานยืมเรียน,P2,0
โรงเรียนธัญรัตน์,2566/1,จักรยานยืมเรียน,P3,0
โรงเรียนธัญรัตน์,2566/1,จักรยานยืมเรียน,P4,0
โรงเรียนธัญรัตน์,2566/1,จักรยานยืมเรียน,P5,0
โรงเรียนธัญรัตน์,2566/1,จักรยานยืมเรียน,P6,0
โรงเรียนธัญรัตน์,2566/1,จักรยานยืมเรียน,M1,0
โรงเรียนธัญรัตน์,2566/1,จักรยานยืมเรียน,M2,0
โรงเรียนธัญรัตน์,2566/1,จักรยานยืมเรียน,M3,0
โรงเรียนธัญรัตน์,2566/1,จักรยานยืมเรียน,M4,0
โรงเรียนธัญรัตน์,2566/1,จักรยานยืมเรียน,M5,1
โรงเรียนธัญรัตน์,2566/1,จักรยานยืมเรียน,M6,0
โรงเรียนสายปัญญารังสิต,2566/1,เสียค่าโดยสารโดยใช้พาหนะ,P1,0
โรงเรียนสายปัญญารังสิต,2566/1,เสียค่าโดยสารโดยใช้พาหนะ,P2,0
โรงเรียนสายปัญญารังสิต,2566/1,เสียค่าโดยสารโดยใช้พาหนะ,P3,0
โรงเรียนสายปัญญารังสิต,2566/1,เสียค่าโดยสารโดยใช้พาหนะ,P4,0
โรงเรียนสายปัญญารังสิต,2566/1,เสียค่าโดยสารโดยใช้พาหนะ,P5,0
โรงเรียนสายปัญญารังสิต,2566/1,เสียค่าโดยสารโดยใช้พาหนะ,P6,0
โรงเรียนสายปัญญารังสิต,2566/1,เสียค่าโดยสารโดยใช้พาหนะ,M1,97
โรงเรียนสายปัญญารังสิต,2566/1,เสียค่าโดยสารโดยใช้พาหนะ,M2,82
โรงเรียนสายปัญญารังสิต,2566/1,เสียค่าโดยสารโดยใช้พาหนะ,M3,171
โรงเรียนสายปัญญารังสิต,2566/1,เสียค่าโดยสารโดยใช้พาหนะ,M4,28
โรงเรียนสายปัญญารังสิต,2566/1,เสียค่าโดยสารโดยใช้พาหนะ,M5,39
โรงเรียนสายปัญญารังสิต,2566/1,เสียค่าโดยสารโดยใช้พาหนะ,M6,105
โรงเรียนสายปัญญารังสิต,2566/1,ไม่เสียค่าโดยสารโดยใช้พาหนะ,P1,0
โรงเรียนสายปัญญารังสิต,2566/1,ไม่เสียค่าโดยสารโดยใช้พาหนะ,P2,0
โรงเรียนสายปัญญารังสิต,2566/1,ไม่เสียค่าโดยสารโดยใช้พาหนะ,P3,0
โรงเรียนสายปัญญารังสิต,2566/1,ไม่เสียค่าโดยสารโดยใช้พาหนะ,P4,0
โรงเรียนสายปัญญารังสิต,2566/1,ไม่เสียค่าโดยสารโดยใช้พาหนะ,P5,0
โรงเรียนสายปัญญารังสิต,2566/1,ไม่เสียค่าโดยสารโดยใช้พาหนะ,P6,0
โรงเรียนสายปัญญารังสิต,2566/1,ไม่เสียค่าโดยสารโดยใช้พาหนะ,M1,202
โรงเรียนสายปัญญารังสิต,2566/1,ไม่เสียค่าโดยสารโดยใช้พาหนะ,M2,155
โรงเรียนสายปัญญารังสิต,2566/1,ไม่เสียค่าโดยสารโดยใช้พาหนะ,M3,152
โรงเรียนสายปัญญารังสิต,2566/1,ไม่เสียค่าโดยสารโดยใช้พาหนะ,M4,85
โรงเรียนสายปัญญารังสิต,2566/1,ไม่เสียค่าโดยสารโดยใช้พาหนะ,M5,31
โรงเรียนสายปัญญารังสิต,2566/1,ไม่เสียค่าโดยสารโดยใช้พาหนะ,M6,104
โรงเรียนสายปัญญารังสิต,2566/1,นักเรียนอยู่ห่างเกิน 3 กม.,P1,0
โรงเรียนสายปัญญารังสิต,2566/1,นักเรียนอยู่ห่างเกิน 3 กม.,P2,0
โรงเรียนสายปัญญารังสิต,2566/1,นักเรียนอยู่ห่างเกิน 3 กม.,P3,0
โรงเรียนสายปัญญารังสิต,2566/1,นักเรียนอยู่ห่างเกิน 3 กม.,P4,0
โรงเรียนสายปัญญารังสิต,2566/1,นักเรียนอยู่ห่างเกิน 3 กม.,P5,0
โรงเรียนสายปัญญารังสิต,2566/1,นักเรียนอยู่ห่างเกิน 3 กม.,P6,0
โรงเรียนสายปัญญารังสิต,2566/1,นักเรียนอยู่ห่างเกิน 3 กม.,M1,301
โรงเรียนสายปัญญารังสิต,2566/1,นักเรียนอยู่ห่างเกิน 3 กม.,M2,239
โรงเรียนสายปัญญารังสิต,2566/1,นักเรียนอยู่ห่างเกิน 3 กม.,M3,323
โรงเรียนสายปัญญารังสิต,2566/1,นักเรียนอยู่ห่างเกิน 3 กม.,M4,114
โรงเรียนสายปัญญารังสิต,2566/1,นักเรียนอยู่ห่างเกิน 3 กม.,M5,70
โรงเรียนสายปัญญารังสิต,2566/1,นักเรียนอยู่ห่างเกิน 3 กม.,M6,209
โรงเรียนสายปัญญารังสิต,2566/1,เดินเท้า,P1,0
โรงเรียนสายปัญญารังสิต,2566/1,เดินเท้า,P2,0
โรงเรียนสายปัญญารังสิต,2566/1,เดินเท้า,P3,0
โรงเรียนสายปัญญารังสิต,2566/1,เดินเท้า,P4,0
โรงเรียนสายปัญญารังสิต,2566/1,เดินเท้า,P5,0
โรงเรียนสายปัญญารังสิต,2566/1,เดินเท้า,P6,0
โรงเรียนสายปัญญารังสิต,2566/1,เดินเท้า,M1,1
โรงเรียนสายปัญญารังสิต,2566/1,เดินเท้า,M2,1
โรงเรียนสายปัญญารังสิต,2566/1,เดินเท้า,M3,0
โรงเรียนสายปัญญารังสิต,2566/1,เดินเท้า,M4,1
โรงเรียนสายปัญญารังสิต,2566/1,เดินเท้า,M5,0
โรงเรียนสายปัญญารังสิต,2566/1,เดินเท้า,M6,0
โรงเรียนสายปัญญารังสิต,2566/1,จักรยานยืมเรียน,P1,0
โรงเรียนสายปัญญารังสิต,2566/1,จักรยานยืมเรียน,P2,0
โรงเรียนสายปัญญารังสิต,2566/1,จักรยานยืมเรียน,P3,0
โรงเรียนสายปัญญารังสิต,2566/1,จักรยานยืมเรียน,P4,0
โรงเรียนสายปัญญารังสิต,2566/1,จักรยานยืมเรียน,P5,0
โรงเรียนสายปัญญารังสิต,2566/1,จักรยานยืมเรียน,P6,0
โรงเรียนสายปัญญารังสิต,2566/1,จักรยานยืมเรียน,M1,1
โรงเรียนสายปัญญารังสิต,2566/1,จักรยานยืมเรียน,M2,1
โรงเรียนสายปัญญารังสิต,2566/1,จักรยานยืมเรียน,M3,0
โรงเรียนสายปัญญารังสิต,2566/1,จักรยานยืมเรียน,M4,0
โรงเรียนสายปัญญารังสิต,2566/1,จักรยานยืมเรียน,M5,0
โรงเรียนสายปัญญารังสิต,2566/1,จักรยานยืมเรียน,M6,0
โรงเรียนธัญบุรี,2566/1,เสียค่าโดยสารโดยใช้พาหนะ,P1,0
โรงเรียนธัญบุรี,2566/1,เสียค่าโดยสารโดยใช้พาหนะ,P2,0
โรงเรียนธัญบุรี,2566/1,เสียค่าโดยสารโดยใช้พาหนะ,P3,0
โรงเรียนธัญบุรี,2566/1,เสียค่าโดยสารโดยใช้พาหนะ,P4,0
โรงเรียนธัญบุรี,2566/1,เสียค่าโดยสารโดยใช้พาหนะ,P5,0
โรงเรียนธัญบุรี,2566/1,เสียค่าโดยสารโดยใช้พาหนะ,P6,0
โรงเรียนธัญบุรี,2566/1,เสียค่าโดยสารโดยใช้พาหนะ,M1,122
โรงเรียนธัญบุรี,2566/1,เสียค่าโดยสารโดยใช้พาหนะ,M2,131
โรงเรียนธัญบุรี,2566/1,เสียค่าโดยสารโดยใช้พาหนะ,M3,142
โรงเรียนธัญบุรี,2566/1,เสียค่าโดยสารโดยใช้พาหนะ,M4,228
โรงเรียนธัญบุรี,2566/1,เสียค่าโดยสารโดยใช้พาหนะ,M5,216
โรงเรียนธัญบุรี,2566/1,เสียค่าโดยสารโดยใช้พาหนะ,M6,190
โรงเรียนธัญบุรี,2566/1,ไม่เสียค่าโดยสารโดยใช้พาหนะ,P1,0
โรงเรียนธัญบุรี,2566/1,ไม่เสียค่าโดยสารโดยใช้พาหนะ,P2,0
โรงเรียนธัญบุรี,2566/1,ไม่เสียค่าโดยสารโดยใช้พาหนะ,P3,0
โรงเรียนธัญบุรี,2566/1,ไม่เสียค่าโดยสารโดยใช้พาหนะ,P4,0
โรงเรียนธัญบุรี,2566/1,ไม่เสียค่าโดยสารโดยใช้พาหนะ,P5,0
โรงเรียนธัญบุรี,2566/1,ไม่เสียค่าโดยสารโดยใช้พาหนะ,P6,0
โรงเรียนธัญบุรี,2566/1,ไม่เสียค่าโดยสารโดยใช้พาหนะ,M1,174
โรงเรียนธัญบุรี,2566/1,ไม่เสียค่าโดยสารโดยใช้พาหนะ,M2,205
โรงเรียนธัญบุรี,2566/1,ไม่เสียค่าโดยสารโดยใช้พาหนะ,M3,143
โรงเรียนธัญบุรี,2566/1,ไม่เสียค่าโดยสารโดยใช้พาหนะ,M4,194
โรงเรียนธัญบุรี,2566/1,ไม่เสียค่าโดยสารโดยใช้พาหนะ,M5,165
โรงเรียนธัญบุรี,2566/1,ไม่เสียค่าโดยสารโดยใช้พาหนะ,M6,137
โรงเรียนธัญบุรี,2566/1,นักเรียนอยู่ห่างเกิน 3 กม.,P1,0
โรงเรียนธัญบุรี,2566/1,นักเรียนอยู่ห่างเกิน 3 กม.,P2,0
โรงเรียนธัญบุรี,2566/1,นักเรียนอยู่ห่างเกิน 3 กม.,P3,0
โรงเรียนธัญบุรี,2566/1,นักเรียนอยู่ห่างเกิน 3 กม.,P4,0
โรงเรียนธัญบุรี,2566/1,นักเรียนอยู่ห่างเกิน 3 กม.,P5,0
โรงเรียนธัญบุรี,2566/1,นักเรียนอยู่ห่างเกิน 3 กม.,P6,0
โรงเรียนธัญบุรี,2566/1,นักเรียนอยู่ห่างเกิน 3 กม.,M1,298
โรงเรียนธัญบุรี,2566/1,นักเรียนอยู่ห่างเกิน 3 กม.,M2,338
โรงเรียนธัญบุรี,2566/1,นักเรียนอยู่ห่างเกิน 3 กม.,M3,286
โรงเรียนธัญบุรี,2566/1,นักเรียนอยู่ห่างเกิน 3 กม.,M4,428
โรงเรียนธัญบุรี,2566/1,นักเรียนอยู่ห่างเกิน 3 กม.,M5,389
โรงเรียนธัญบุรี,2566/1,นักเรียนอยู่ห่างเกิน 3 กม.,M6,329
โรงเรียนธัญบุรี,2566/1,เดินเท้า,P1,0
โรงเรียนธัญบุรี,2566/1,เดินเท้า,P2,0
โรงเรียนธัญบุรี,2566/1,เดินเท้า,P3,0
โรงเรียนธัญบุรี,2566/1,เดินเท้า,P4,0
โรงเรียนธัญบุรี,2566/1,เดินเท้า,P5,0
โรงเรียนธัญบุรี,2566/1,เดินเท้า,P6,0
โรงเรียนธัญบุรี,2566/1,เดินเท้า,M1,1
โรงเรียนธัญบุรี,2566/1,เดินเท้า,M2,1
โรงเรียนธัญบุรี,2566/1,เดินเท้า,M3,1
โรงเรียนธัญบุรี,2566/1,เดินเท้า,M4,6
โรงเรียนธัญบุรี,2566/1,เดินเท้า,M5,6
โรงเรียนธัญบุรี,2566/1,เดินเท้า,M6,1
โรงเรียนธัญบุรี,2566/1,จักรยานยืมเรียน,P1,0
โรงเรียนธัญบุรี,2566/1,จักรยานยืมเรียน,P2,0
โรงเรียนธัญบุรี,2566/1,จักรยานยืมเรียน,P3,0
โรงเรียนธัญบุรี,2566/1,จักรยานยืมเรียน,P4,0
โรงเรียนธัญบุรี,2566/1,จักรยานยืมเรียน,P5,0
โรงเรียนธัญบุรี,2566/1,จักรยานยืมเรียน,P6,0
โรงเรียนธัญบุรี,2566/1,จักรยานยืมเรียน,M1,1
โรงเรียนธัญบุรี,2566/1,จักรยานยืมเรียน,M2,1
โรงเรียนธัญบุรี,2566/1,จักรยานยืมเรียน,M3,0
โรงเรียนธัญบุรี,2566/1,จักรยานยืมเรียน,M4,0
โรงเรียนธัญบุรี,2566/1,จักรยานยืมเรียน,M5,2
โรงเรียนธัญบุรี,2566/1,จักรยานยืมเรียน,M6,1
โรงเรียนหนองเสือวิทยาคม,2566/1,เสียค่าโดยสารโดยใช้พาหนะ,P1,0
โรงเรียนหนองเสือวิทยาคม,2566/1,เสียค่าโดยสารโดยใช้พาหนะ,P2,0
โรงเรียนหนองเสือวิทยาคม,2566/1,เสียค่าโดยสารโดยใช้พาหนะ,P3,0
โรงเรียนหนองเสือวิทยาคม,2566/1,เสียค่าโดยสารโดยใช้พาหนะ,P4,0
โรงเรียนหนองเสือวิทยาคม,2566/1,เสียค่าโดยสารโดยใช้พาหนะ,P5,0
โรงเรียนหนองเสือวิทยาคม,2566/1,เสียค่าโดยสารโดยใช้พาหนะ,P6,0
โรงเรียนหนองเสือวิทยาคม,2566/1,เสียค่าโดยสารโดยใช้พาหนะ,M1,195
โรงเรียนหนองเสือวิทยาคม,2566/1,เสียค่าโดยสารโดยใช้พาหนะ,M2,222
โรงเรียนหนองเสือวิทยาคม,2566/1,เสียค่าโดยสารโดยใช้พาหนะ,M3,246
โรงเรียนหนองเสือวิทยาคม,2566/1,เสียค่าโดยสารโดยใช้พาหนะ,M4,172
โรงเรียนหนองเสือวิทยาคม,2566/1,เสียค่าโดยสารโดยใช้พาหนะ,M5,236
โรงเรียนหนองเสือวิทยาคม,2566/1,เสียค่าโดยสารโดยใช้พาหนะ,M6,188
โรงเรียนหนองเสือวิทยาคม,2566/1,ไม่เสียค่าโดยสารโดยใช้พาหนะ,P1,0
โรงเรียนหนองเสือวิทยาคม,2566/1,ไม่เสียค่าโดยสารโดยใช้พาหนะ,P2,0
โรงเรียนหนองเสือวิทยาคม,2566/1,ไม่เสียค่าโดยสารโดยใช้พาหนะ,P3,0
โรงเรียนหนองเสือวิทยาคม,2566/1,ไม่เสียค่าโดยสารโดยใช้พาหนะ,P4,0
โรงเรียนหนองเสือวิทยาคม,2566/1,ไม่เสียค่าโดยสารโดยใช้พาหนะ,P5,0
โรงเรียนหนองเสือวิทยาคม,2566/1,ไม่เสียค่าโดยสารโดยใช้พาหนะ,P6,0
โรงเรียนหนองเสือวิทยาคม,2566/1,ไม่เสียค่าโดยสารโดยใช้พาหนะ,M1,103
โรงเรียนหนองเสือวิทยาคม,2566/1,ไม่เสียค่าโดยสารโดยใช้พาหนะ,M2,83
โรงเรียนหนองเสือวิทยาคม,2566/1,ไม่เสียค่าโดยสารโดยใช้พาหนะ,M3,72
โรงเรียนหนองเสือวิทยาคม,2566/1,ไม่เสียค่าโดยสารโดยใช้พาหนะ,M4,60
โรงเรียนหนองเสือวิทยาคม,2566/1,ไม่เสียค่าโดยสารโดยใช้พาหนะ,M5,44
โรงเรียนหนองเสือวิทยาคม,2566/1,ไม่เสียค่าโดยสารโดยใช้พาหนะ,M6,53
โรงเรียนหนองเสือวิทยาคม,2566/1,นักเรียนอยู่ห่างเกิน 3 กม.,P1,0
โรงเรียนหนองเสือวิทยาคม,2566/1,นักเรียนอยู่ห่างเกิน 3 กม.,P2,0
โรงเรียนหนองเสือวิทยาคม,2566/1,นักเรียนอยู่ห่างเกิน 3 กม.,P3,0
โรงเรียนหนองเสือวิทยาคม,2566/1,นักเรียนอยู่ห่างเกิน 3 กม.,P4,0
โรงเรียนหนองเสือวิทยาคม,2566/1,นักเรียนอยู่ห่างเกิน 3 กม.,P5,0
โรงเรียนหนองเสือวิทยาคม,2566/1,นักเรียนอยู่ห่างเกิน 3 กม.,P6,0
โรงเรียนหนองเสือวิทยาคม,2566/1,นักเรียนอยู่ห่างเกิน 3 กม.,M1,299
โรงเรียนหนองเสือวิทยาคม,2566/1,นักเรียนอยู่ห่างเกิน 3 กม.,M2,308
โรงเรียนหนองเสือวิทยาคม,2566/1,นักเรียนอยู่ห่างเกิน 3 กม.,M3,318
โรงเรียนหนองเสือวิทยาคม,2566/1,นักเรียนอยู่ห่างเกิน 3 กม.,M4,234
โรงเรียนหนองเสือวิทยาคม,2566/1,นักเรียนอยู่ห่างเกิน 3 กม.,M5,283
โรงเรียนหนองเสือวิทยาคม,2566/1,นักเรียนอยู่ห่างเกิน 3 กม.,M6,243
โรงเรียนหนองเสือวิทยาคม,2566/1,เดินเท้า,P1,0
โรงเรียนหนองเสือวิทยาคม,2566/1,เดินเท้า,P2,0
โรงเรียนหนองเสือวิทยาคม,2566/1,เดินเท้า,P3,0
โรงเรียนหนองเสือวิทยาคม,2566/1,เดินเท้า,P4,0
โรงเรียนหนองเสือวิทยาคม,2566/1,เดินเท้า,P5,0
โรงเรียนหนองเสือวิทยาคม,2566/1,เดินเท้า,P6,0
โรงเรียนหนองเสือวิทยาคม,2566/1,เดินเท้า,M1,1
โรงเรียนหนองเสือวิทยาคม,2566/1,เดินเท้า,M2,3
โรงเรียนหนองเสือวิทยาคม,2566/1,เดินเท้า,M3,0
โรงเรียนหนองเสือวิทยาคม,2566/1,เดินเท้า,M4,2
โรงเรียนหนองเสือวิทยาคม,2566/1,เดินเท้า,M5,3
โรงเรียนหนองเสือวิทยาคม,2566/1,เดินเท้า,M6,2
โรงเรียนเตรียมอุดมศึกษาพัฒนาการ ปทุมธานี,2566/1,เสียค่าโดยสารโดยใช้พาหนะ,P1,0
โรงเรียนเตรียมอุดมศึกษาพัฒนาการ ปทุมธานี,2566/1,เสียค่าโดยสารโดยใช้พาหนะ,P2,0
โรงเรียนเตรียมอุดมศึกษาพัฒนาการ ปทุมธานี,2566/1,เสียค่าโดยสารโดยใช้พาหนะ,P3,0
โรงเรียนเตรียมอุดมศึกษาพัฒนาการ ปทุมธานี,2566/1,เสียค่าโดยสารโดยใช้พาหนะ,P4,0
โรงเรียนเตรียมอุดมศึกษาพัฒนาการ ปทุมธานี,2566/1,เสียค่าโดยสารโดยใช้พาหนะ,P5,0
โรงเรียนเตรียมอุดมศึกษาพัฒนาการ ปทุมธานี,2566/1,เสียค่าโดยสารโดยใช้พาหนะ,P6,0
โรงเรียนเตรียมอุดมศึกษาพัฒนาการ ปทุมธานี,2566/1,เสียค่าโดยสารโดยใช้พาหนะ,M1,227
โรงเรียนเตรียมอุดมศึกษาพัฒนาการ ปทุมธานี,2566/1,เสียค่าโดยสารโดยใช้พาหนะ,M2,169
โรงเรียนเตรียมอุดมศึกษาพัฒนาการ ปทุมธานี,2566/1,เสียค่าโดยสารโดยใช้พาหนะ,M3,248
โรงเรียนเตรียมอุดมศึกษาพัฒนาการ ปทุมธานี,2566/1,เสียค่าโดยสารโดยใช้พาหนะ,M4,188
โรงเรียนเตรียมอุดมศึกษาพัฒนาการ ปทุมธานี,2566/1,เสียค่าโดยสารโดยใช้พาหนะ,M5,248
โรงเรียนเตรียมอุดมศึกษาพัฒนาการ ปทุมธานี,2566/1,เสียค่าโดยสารโดยใช้พาหนะ,M6,189
โรงเรียนเตรียมอุดมศึกษาพัฒนาการ ปทุมธานี,2566/1,ไม่เสียค่าโดยสารโดยใช้พาหนะ,P1,0
โรงเรียนเตรียมอุดมศึกษาพัฒนาการ ปทุมธานี,2566/1,ไม่เสียค่าโดยสารโดยใช้พาหนะ,P2,0
โรงเรียนเตรียมอุดมศึกษาพัฒนาการ ปทุมธานี,2566/1,ไม่เสียค่าโดยสารโดยใช้พาหนะ,P3,0
โรงเรียนเตรียมอุดมศึกษาพัฒนาการ ปทุมธานี,2566/1,ไม่เสียค่าโดยสารโดยใช้พาหนะ,P4,0
โรงเรียนเตรียมอุดมศึกษาพัฒนาการ ปทุมธานี,2566/1,ไม่เสียค่าโดยสารโดยใช้พาหนะ,P5,0
โรงเรียนเตรียมอุดมศึกษาพัฒนาการ ปทุมธานี,2566/1,ไม่เสียค่าโดยสารโดยใช้พาหนะ,P6,0
โรงเรียนเตรียมอุดมศึกษาพัฒนาการ ปทุมธานี,2566/1,ไม่เสียค่าโดยสารโดยใช้พาหนะ,M1,116
โรงเรียนเตรียมอุดมศึกษาพัฒนาการ ปทุมธานี,2566/1,ไม่เสียค่าโดยสารโดยใช้พาหนะ,M2,81
โรงเรียนเตรียมอุดมศึกษาพัฒนาการ ปทุมธานี,2566/1,ไม่เสียค่าโดยสารโดยใช้พาหนะ,M3,118
โรงเรียนเตรียมอุดมศึกษาพัฒนาการ ปทุมธานี,2566/1,ไม่เสียค่าโดยสารโดยใช้พาหนะ,M4,88
โรงเรียนเตรียมอุดมศึกษาพัฒนาการ ปทุมธานี,2566/1,ไม่เสียค่าโดยสารโดยใช้พาหนะ,M5,90
โรงเรียนเตรียมอุดมศึกษาพัฒนาการ ปทุมธานี,2566/1,ไม่เสียค่าโดยสารโดยใช้พาหนะ,M6,62
โรงเรียนเตรียมอุดมศึกษาพัฒนาการ ปทุมธานี,2566/1,นักเรียนอยู่ห่างเกิน 3 กม.,P1,0
โรงเรียนเตรียมอุดมศึกษาพัฒนาการ ปทุมธานี,2566/1,นักเรียนอยู่ห่างเกิน 3 กม.,P2,0
โรงเรียนเตรียมอุดมศึกษาพัฒนาการ ปทุมธานี,2566/1,นักเรียนอยู่ห่างเกิน 3 กม.,P3,0
โรงเรียนเตรียมอุดมศึกษาพัฒนาการ ปทุมธานี,2566/1,นักเรียนอยู่ห่างเกิน 3 กม.,P4,0
โรงเรียนเตรียมอุดมศึกษาพัฒนาการ ปทุมธานี,2566/1,นักเรียนอยู่ห่างเกิน 3 กม.,P5,0
โรงเรียนเตรียมอุดมศึกษาพัฒนาการ ปทุมธานี,2566/1,นักเรียนอยู่ห่างเกิน 3 กม.,P6,0
โรงเรียนเตรียมอุดมศึกษาพัฒนาการ ปทุมธานี,2566/1,นักเรียนอยู่ห่างเกิน 3 กม.,M1,348
โรงเรียนเตรียมอุดมศึกษาพัฒนาการ ปทุมธานี,2566/1,นักเรียนอยู่ห่างเกิน 3 กม.,M2,254
โรงเรียนเตรียมอุดมศึกษาพัฒนาการ ปทุมธานี,2566/1,นักเรียนอยู่ห่างเกิน 3 กม.,M3,369
โรงเรียนเตรียมอุดมศึกษาพัฒนาการ ปทุมธานี,2566/1,นักเรียนอยู่ห่างเกิน 3 กม.,M4,283
โรงเรียนเตรียมอุดมศึกษาพัฒนาการ ปทุมธานี,2566/1,นักเรียนอยู่ห่างเกิน 3 กม.,M5,339
โรงเรียนเตรียมอุดมศึกษาพัฒนาการ ปทุมธานี,2566/1,นักเรียนอยู่ห่างเกิน 3 กม.,M6,256
โรงเรียนเตรียมอุดมศึกษาพัฒนาการ ปทุมธานี,2566/1,เดินเท้า,P1,0
โรงเรียนเตรียมอุดมศึกษาพัฒนาการ ปทุมธานี,2566/1,เดินเท้า,P2,0
โรงเรียนเตรียมอุดมศึกษาพัฒนาการ ปทุมธานี,2566/1,เดินเท้า,P3,0
โรงเรียนเตรียมอุดมศึกษาพัฒนาการ ปทุมธานี,2566/1,เดินเท้า,P4,0
โรงเรียนเตรียมอุดมศึกษาพัฒนาการ ปทุมธานี,2566/1,เดินเท้า,P5,0
โรงเรียนเตรียมอุดมศึกษาพัฒนาการ ปทุมธานี,2566/1,เดินเท้า,P6,0
โรงเรียนเตรียมอุดมศึกษาพัฒนาการ ปทุมธานี,2566/1,เดินเท้า,M1,5
โรงเรียนเตรียมอุดมศึกษาพัฒนาการ ปทุมธานี,2566/1,เดินเท้า,M2,4
โรงเรียนเตรียมอุดมศึกษาพัฒนาการ ปทุมธานี,2566/1,เดินเท้า,M3,3
โรงเรียนเตรียมอุดมศึกษาพัฒนาการ ปทุมธานี,2566/1,เดินเท้า,M4,6
โรงเรียนเตรียมอุดมศึกษาพัฒนาการ ปทุมธานี,2566/1,เดินเท้า,M5,1
โรงเรียนเตรียมอุดมศึกษาพัฒนาการ ปทุมธานี,2566/1,เดินเท้า,M6,5
โรงเรียนเตรียมอุดมศึกษาพัฒนาการ ปทุมธานี,2566/1,จักรยานยืมเรียน,P1,0
โรงเรียนเตรียมอุดมศึกษาพัฒนาการ ปทุมธานี,2566/1,จักรยานยืมเรียน,P2,0
โรงเรียนเตรียมอุดมศึกษาพัฒนาการ ปทุมธานี,2566/1,จักรยานยืมเรียน,P3,0
โรงเรียนเตรียมอุดมศึกษาพัฒนาการ ปทุมธานี,2566/1,จักรยานยืมเรียน,P4,0
โรงเรียนเตรียมอุดมศึกษาพัฒนาการ ปทุมธานี,2566/1,จักรยานยืมเรียน,P5,0
โรงเรียนเตรียมอุดมศึกษาพัฒนาการ ปทุมธานี,2566/1,จักรยานยืมเรียน,P6,0
โรงเรียนเตรียมอุดมศึกษาพัฒนาการ ปทุมธานี,2566/1,จักรยานยืมเรียน,M1,0
โรงเรียนเตรียมอุดมศึกษาพัฒนาการ ปทุมธานี,2566/1,จักรยานยืมเรียน,M2,0
โรงเรียนเตรียมอุดมศึกษาพัฒนาการ ปทุมธานี,2566/1,จักรยานยืมเรียน,M3,0
โรงเรียนเตรียมอุดมศึกษาพัฒนาการ ปทุมธานี,2566/1,จักรยานยืมเรียน,M4,1
โรงเรียนเตรียมอุดมศึกษาพัฒนาการ ปทุมธานี,2566/1,จักรยานยืมเรียน,M5,0
โรงเรียนเตรียมอุดมศึกษาพัฒนาการ ปทุมธานี,2566/1,จักรยานยืมเรียน,M6,0
โรงเรียนเทพศิรินทร์คลองสิบสาม ปทุมธานี,2566/1,เสียค่าโดยสารโดยใช้พาหนะ,P1,0
โรงเรียนเทพศิรินทร์คลองสิบสาม ปทุมธานี,2566/1,เสียค่าโดยสารโดยใช้พาหนะ,P2,0
โรงเรียนเทพศิรินทร์คลองสิบสาม ปทุมธานี,2566/1,เสียค่าโดยสารโดยใช้พาหนะ,P3,0
โรงเรียนเทพศิรินทร์คลองสิบสาม ปทุมธานี,2566/1,เสียค่าโดยสารโดยใช้พาหนะ,P4,0
โรงเรียนเทพศิรินทร์คลองสิบสาม ปทุมธานี,2566/1,เสียค่าโดยสารโดยใช้พาหนะ,P5,0
โรงเรียนเทพศิรินทร์คลองสิบสาม ปทุมธานี,2566/1,เสียค่าโดยสารโดยใช้พาหนะ,P6,0
โรงเรียนเทพศิรินทร์คลองสิบสาม ปทุมธานี,2566/1,เสียค่าโดยสารโดยใช้พาหนะ,M1,60
โรงเรียนเทพศิรินทร์คลองสิบสาม ปทุมธานี,2566/1,เสียค่าโดยสารโดยใช้พาหนะ,M2,53
โรงเรียนเทพศิรินทร์คลองสิบสาม ปทุมธานี,2566/1,เสียค่าโดยสารโดยใช้พาหนะ,M3,74
โรงเรียนเทพศิรินทร์คลองสิบสาม ปทุมธานี,2566/1,เสียค่าโดยสารโดยใช้พาหนะ,M4,73
โรงเรียนเทพศิรินทร์คลองสิบสาม ปทุมธานี,2566/1,เสียค่าโดยสารโดยใช้พาหนะ,M5,86
โรงเรียนเทพศิรินทร์คลองสิบสาม ปทุมธานี,2566/1,เสียค่าโดยสารโดยใช้พาหนะ,M6,92
โรงเรียนเทพศิรินทร์คลองสิบสาม ปทุมธานี,2566/1,ไม่เสียค่าโดยสารโดยใช้พาหนะ,P1,0
โรงเรียนเทพศิรินทร์คลองสิบสาม ปทุมธานี,2566/1,ไม่เสียค่าโดยสารโดยใช้พาหนะ,P2,0
โรงเรียนเทพศิรินทร์คลองสิบสาม ปทุมธานี,2566/1,ไม่เสียค่าโดยสารโดยใช้พาหนะ,P3,0
โรงเรียนเทพศิรินทร์คลองสิบสาม ปทุมธานี,2566/1,ไม่เสียค่าโดยสารโดยใช้พาหนะ,P4,0
โรงเรียนเทพศิรินทร์คลองสิบสาม ปทุมธานี,2566/1,ไม่เสียค่าโดยสารโดยใช้พาหนะ,P5,0
โรงเรียนเทพศิรินทร์คลองสิบสาม ปทุมธานี,2566/1,ไม่เสียค่าโดยสารโดยใช้พาหนะ,P6,0
โรงเรียนเทพศิรินทร์คลองสิบสาม ปทุมธานี,2566/1,ไม่เสียค่าโดยสารโดยใช้พาหนะ,M1,37
โรงเรียนเทพศิรินทร์คลองสิบสาม ปทุมธานี,2566/1,ไม่เสียค่าโดยสารโดยใช้พาหนะ,M2,29
โรงเรียนเทพศิรินทร์คลองสิบสาม ปทุมธานี,2566/1,ไม่เสียค่าโดยสารโดยใช้พาหนะ,M3,43
โรงเรียนเทพศิรินทร์คลองสิบสาม ปทุมธานี,2566/1,ไม่เสียค่าโดยสารโดยใช้พาหนะ,M4,29
โรงเรียนเทพศิรินทร์คลองสิบสาม ปทุมธานี,2566/1,ไม่เสียค่าโดยสารโดยใช้พาหนะ,M5,29
โรงเรียนเทพศิรินทร์คลองสิบสาม ปทุมธานี,2566/1,ไม่เสียค่าโดยสารโดยใช้พาหนะ,M6,37
โรงเรียนเทพศิรินทร์คลองสิบสาม ปทุมธานี,2566/1,นักเรียนอยู่ห่างเกิน 3 กม.,P1,0
โรงเรียนเทพศิรินทร์คลองสิบสาม ปทุมธานี,2566/1,นักเรียนอยู่ห่างเกิน 3 กม.,P2,0
โรงเรียนเทพศิรินทร์คลองสิบสาม ปทุมธานี,2566/1,นักเรียนอยู่ห่างเกิน 3 กม.,P3,0
โรงเรียนเทพศิรินทร์คลองสิบสาม ปทุมธานี,2566/1,นักเรียนอยู่ห่างเกิน 3 กม.,P4,0
โรงเรียนเทพศิรินทร์คลองสิบสาม ปทุมธานี,2566/1,นักเรียนอยู่ห่างเกิน 3 กม.,P5,0
โรงเรียนเทพศิรินทร์คลองสิบสาม ปทุมธานี,2566/1,นักเรียนอยู่ห่างเกิน 3 กม.,P6,0
โรงเรียนเทพศิรินทร์คลองสิบสาม ปทุมธานี,2566/1,นักเรียนอยู่ห่างเกิน 3 กม.,M1,98
โรงเรียนเทพศิรินทร์คลองสิบสาม ปทุมธานี,2566/1,นักเรียนอยู่ห่างเกิน 3 กม.,M2,82
โรงเรียนเทพศิรินทร์คลองสิบสาม ปทุมธานี,2566/1,นักเรียนอยู่ห่างเกิน 3 กม.,M3,117
โรงเรียนเทพศิรินทร์คลองสิบสาม ปทุมธานี,2566/1,นักเรียนอยู่ห่างเกิน 3 กม.,M4,103
โรงเรียนเทพศิรินทร์คลองสิบสาม ปทุมธานี,2566/1,นักเรียนอยู่ห่างเกิน 3 กม.,M5,118
โรงเรียนเทพศิรินทร์คลองสิบสาม ปทุมธานี,2566/1,นักเรียนอยู่ห่างเกิน 3 กม.,M6,131
โรงเรียนเทพศิรินทร์คลองสิบสาม ปทุมธานี,2566/1,เดินเท้า,P1,0
โรงเรียนเทพศิรินทร์คลองสิบสาม ปทุมธานี,2566/1,เดินเท้า,P2,0
โรงเรียนเทพศิรินทร์คลองสิบสาม ปทุมธานี,2566/1,เดินเท้า,P3,0
โรงเรียนเทพศิรินทร์คลองสิบสาม ปทุมธานี,2566/1,เดินเท้า,P4,0
โรงเรียนเทพศิรินทร์คลองสิบสาม ปทุมธานี,2566/1,เดินเท้า,P5,0
โรงเรียนเทพศิรินทร์คลองสิบสาม ปทุมธานี,2566/1,เดินเท้า,P6,0
โรงเรียนเทพศิรินทร์คลองสิบสาม ปทุมธานี,2566/1,เดินเท้า,M1,1
โรงเรียนเทพศิรินทร์คลองสิบสาม ปทุมธานี,2566/1,เดินเท้า,M2,0
โรงเรียนเทพศิรินทร์คลองสิบสาม ปทุมธานี,2566/1,เดินเท้า,M3,0
โรงเรียนเทพศิรินทร์คลองสิบสาม ปทุมธานี,2566/1,เดินเท้า,M4,1
โรงเรียนเทพศิรินทร์คลองสิบสาม ปทุมธานี,2566/1,เดินเท้า,M5,3
โรงเรียนเทพศิรินทร์คลองสิบสาม ปทุมธานี,2566/1,เดินเท้า,M6,2
โรงเรียนนวมินทราชินูทิศ สวนกุหลาบวิทยาลัย ปทุมธานี,2566/1,เสียค่าโดยสารโดยใช้พาหนะ,P1,0
โรงเรียนนวมินทราชินูทิศ สวนกุหลาบวิทยาลัย ปทุมธานี,2566/1,เสียค่าโดยสารโดยใช้พาหนะ,P2,0
โรงเรียนนวมินทราชินูทิศ สวนกุหลาบวิทยาลัย ปทุมธานี,2566/1,เสียค่าโดยสารโดยใช้พาหนะ,P3,0
โรงเรียนนวมินทราชินูทิศ สวนกุหลาบวิทยาลัย ปทุมธานี,2566/1,เสียค่าโดยสารโดยใช้พาหนะ,P4,0
โรงเรียนนวมินทราชินูทิศ สวนกุหลาบวิทยาลัย ปทุมธานี,2566/1,เสียค่าโดยสารโดยใช้พาหนะ,P5,0
โรงเรียนนวมินทราชินูทิศ สวนกุหลาบวิทยาลัย ปทุมธานี,2566/1,เสียค่าโดยสารโดยใช้พาหนะ,P6,0
โรงเรียนนวมินทราชินูทิศ สวนกุหลาบวิทยาลัย ปทุมธานี,2566/1,เสียค่าโดยสารโดยใช้พาหนะ,M1,217
โรงเรียนนวมินทราชินูทิศ สวนกุหลาบวิทยาลัย ปทุมธานี,2566/1,เสียค่าโดยสารโดยใช้พาหนะ,M2,200
โรงเรียนนวมินทราชินูทิศ สวนกุหลาบวิทยาลัย ปทุมธานี,2566/1,เสียค่าโดยสารโดยใช้พาหนะ,M3,251
โรงเรียนนวมินทราชินูทิศ สวนกุหลาบวิทยาลัย ปทุมธานี,2566/1,เสียค่าโดยสารโดยใช้พาหนะ,M4,237
โรงเรียนนวมินทราชินูทิศ สวนกุหลาบวิทยาลัย ปทุมธานี,2566/1,เสียค่าโดยสารโดยใช้พาหนะ,M5,258
โรงเรียนนวมินทราชินูทิศ สวนกุหลาบวิทยาลัย ปทุมธานี,2566/1,เสียค่าโดยสารโดยใช้พาหนะ,M6,238
โรงเรียนนวมินทราชินูทิศ สวนกุหลาบวิทยาลัย ปทุมธานี,2566/1,ไม่เสียค่าโดยสารโดยใช้พาหนะ,P1,0
โรงเรียนนวมินทราชินูทิศ สวนกุหลาบวิทยาลัย ปทุมธานี,2566/1,ไม่เสียค่าโดยสารโดยใช้พาหนะ,P2,0
โรงเรียนนวมินทราชินูทิศ สวนกุหลาบวิทยาลัย ปทุมธานี,2566/1,ไม่เสียค่าโดยสารโดยใช้พาหนะ,P3,0
โรงเรียนนวมินทราชินูทิศ สวนกุหลาบวิทยาลัย ปทุมธานี,2566/1,ไม่เสียค่าโดยสารโดยใช้พาหนะ,P4,0
โรงเรียนนวมินทราชินูทิศ สวนกุหลาบวิทยาลัย ปทุมธานี,2566/1,ไม่เสียค่าโดยสารโดยใช้พาหนะ,P5,0
โรงเรียนนวมินทราชินูทิศ สวนกุหลาบวิทยาลัย ปทุมธานี,2566/1,ไม่เสียค่าโดยสารโดยใช้พาหนะ,P6,0
โรงเรียนนวมินทราชินูทิศ สวนกุหลาบวิทยาลัย ปทุมธานี,2566/1,ไม่เสียค่าโดยสารโดยใช้พาหนะ,M1,91
โรงเรียนนวมินทราชินูทิศ สวนกุหลาบวิทยาลัย ปทุมธานี,2566/1,ไม่เสียค่าโดยสารโดยใช้พาหนะ,M2,67
โรงเรียนนวมินทราชินูทิศ สวนกุหลาบวิทยาลัย ปทุมธานี,2566/1,ไม่เสียค่าโดยสารโดยใช้พาหนะ,M3,51
โรงเรียนนวมินทราชินูทิศ สวนกุหลาบวิทยาลัย ปทุมธานี,2566/1,ไม่เสียค่าโดยสารโดยใช้พาหนะ,M4,58
โรงเรียนนวมินทราชินูทิศ สวนกุหลาบวิทยาลัย ปทุมธานี,2566/1,ไม่เสียค่าโดยสารโดยใช้พาหนะ,M5,54
โรงเรียนนวมินทราชินูทิศ สวนกุหลาบวิทยาลัย ปทุมธานี,2566/1,ไม่เสียค่าโดยสารโดยใช้พาหนะ,M6,45
โรงเรียนนวมินทราชินูทิศ สวนกุหลาบวิทยาลัย ปทุมธานี,2566/1,นักเรียนอยู่ห่างเกิน 3 กม.,P1,0
โรงเรียนนวมินทราชินูทิศ สวนกุหลาบวิทยาลัย ปทุมธานี,2566/1,นักเรียนอยู่ห่างเกิน 3 กม.,P2,0
โรงเรียนนวมินทราชินูทิศ สวนกุหลาบวิทยาลัย ปทุมธานี,2566/1,นักเรียนอยู่ห่างเกิน 3 กม.,P3,0
โรงเรียนนวมินทราชินูทิศ สวนกุหลาบวิทยาลัย ปทุมธานี,2566/1,นักเรียนอยู่ห่างเกิน 3 กม.,P4,0
โรงเรียนนวมินทราชินูทิศ สวนกุหลาบวิทยาลัย ปทุมธานี,2566/1,นักเรียนอยู่ห่างเกิน 3 กม.,P5,0
โรงเรียนนวมินทราชินูทิศ สวนกุหลาบวิทยาลัย ปทุมธานี,2566/1,นักเรียนอยู่ห่างเกิน 3 กม.,P6,0
โรงเรียนนวมินทราชินูทิศ สวนกุหลาบวิทยาลัย ปทุมธานี,2566/1,นักเรียนอยู่ห่างเกิน 3 กม.,M1,309
โรงเรียนนวมินทราชินูทิศ สวนกุหลาบวิทยาลัย ปทุมธานี,2566/1,นักเรียนอยู่ห่างเกิน 3 กม.,M2,267
โรงเรียนนวมินทราชินูทิศ สวนกุหลาบวิทยาลัย ปทุมธานี,2566/1,นักเรียนอยู่ห่างเกิน 3 กม.,M3,305
โรงเรียนนวมินทราชินูทิศ สวนกุหลาบวิทยาลัย ปทุมธานี,2566/1,นักเรียนอยู่ห่างเกิน 3 กม.,M4,295
โรงเรียนนวมินทราชินูทิศ สวนกุหลาบวิทยาลัย ปทุมธานี,2566/1,นักเรียนอยู่ห่างเกิน 3 กม.,M5,313
โรงเรียนนวมินทราชินูทิศ สวนกุหลาบวิทยาลัย ปทุมธานี,2566/1,นักเรียนอยู่ห่างเกิน 3 กม.,M6,285
โรงเรียนนวมินทราชินูทิศ สวนกุหลาบวิทยาลัย ปทุมธานี,2566/1,เดินเท้า,P1,0
โรงเรียนนวมินทราชินูทิศ สวนกุหลาบวิทยาลัย ปทุมธานี,2566/1,เดินเท้า,P2,0
โรงเรียนนวมินทราชินูทิศ สวนกุหลาบวิทยาลัย ปทุมธานี,2566/1,เดินเท้า,P3,0
โรงเรียนนวมินทราชินูทิศ สวนกุหลาบวิทยาลัย ปทุมธานี,2566/1,เดินเท้า,P4,0
โรงเรียนนวมินทราชินูทิศ สวนกุหลาบวิทยาลัย ปทุมธานี,2566/1,เดินเท้า,P5,0
โรงเรียนนวมินทราชินูทิศ สวนกุหลาบวิทยาลัย ปทุมธานี,2566/1,เดินเท้า,P6,0
โรงเรียนนวมินทราชินูทิศ สวนกุหลาบวิทยาลัย ปทุมธานี,2566/1,เดินเท้า,M1,1
โรงเรียนนวมินทราชินูทิศ สวนกุหลาบวิทยาลัย ปทุมธานี,2566/1,เดินเท้า,M2,0
โรงเรียนนวมินทราชินูทิศ สวนกุหลาบวิทยาลัย ปทุมธานี,2566/1,เดินเท้า,M3,3
โรงเรียนนวมินทราชินูทิศ สวนกุหลาบวิทยาลัย ปทุมธานี,2566/1,เดินเท้า,M4,0
โรงเรียนนวมินทราชินูทิศ สวนกุหลาบวิทยาลัย ปทุมธานี,2566/1,เดินเท้า,M5,1
โรงเรียนนวมินทราชินูทิศ สวนกุหลาบวิทยาลัย ปทุมธานี,2566/1,เดินเท้า,M6,2
โรงเรียนมัธยมสังคีตวิทยา กรุงเทพมหานคร,2566/1,เสียค่าโดยสารโดยใช้พาหนะ,P1,0
โรงเรียนมัธยมสังคีตวิทยา กรุงเทพมหานคร,2566/1,เสียค่าโดยสารโดยใช้พาหนะ,P2,0
โรงเรียนมัธยมสังคีตวิทยา กรุงเทพมหานคร,2566/1,เสียค่าโดยสารโดยใช้พาหนะ,P3,0
โรงเรียนมัธยมสังคีตวิทยา กรุงเทพมหานคร,2566/1,เสียค่าโดยสารโดยใช้พาหนะ,P4,0
โรงเรียนมัธยมสังคีตวิทยา กรุงเทพมหานคร,2566/1,เสียค่าโดยสารโดยใช้พาหนะ,P5,0
โรงเรียนมัธยมสังคีตวิทยา กรุงเทพมหานคร,2566/1,เสียค่าโดยสารโดยใช้พาหนะ,P6,0
โรงเรียนมัธยมสังคีตวิทยา กรุงเทพมหานคร,2566/1,เสียค่าโดยสารโดยใช้พาหนะ,M1,54
โรงเรียนมัธยมสังคีตวิทยา กรุงเทพมหานคร,2566/1,เสียค่าโดยสารโดยใช้พาหนะ,M2,34
โรงเรียนมัธยมสังคีตวิทยา กรุงเทพมหานคร,2566/1,เสียค่าโดยสารโดยใช้พาหนะ,M3,52
โรงเรียนมัธยมสังคีตวิทยา กรุงเทพมหานคร,2566/1,เสียค่าโดยสารโดยใช้พาหนะ,M4,79
โรงเรียนมัธยมสังคีตวิทยา กรุงเทพมหานคร,2566/1,เสียค่าโดยสารโดยใช้พาหนะ,M5,37
โรงเรียนมัธยมสังคีตวิทยา กรุงเทพมหานคร,2566/1,เสียค่าโดยสารโดยใช้พาหนะ,M6,52
โรงเรียนมัธยมสังคีตวิทยา กรุงเทพมหานคร,2566/1,ไม่เสียค่าโดยสารโดยใช้พาหนะ,P1,0
โรงเรียนมัธยมสังคีตวิทยา กรุงเทพมหานคร,2566/1,ไม่เสียค่าโดยสารโดยใช้พาหนะ,P2,0
โรงเรียนมัธยมสังคีตวิทยา กรุงเทพมหานคร,2566/1,ไม่เสียค่าโดยสารโดยใช้พาหนะ,P3,0
โรงเรียนมัธยมสังคีตวิทยา กรุงเทพมหานคร,2566/1,ไม่เสียค่าโดยสารโดยใช้พาหนะ,P4,0
โรงเรียนมัธยมสังคีตวิทยา กรุงเทพมหานคร,2566/1,ไม่เสียค่าโดยสารโดยใช้พาหนะ,P5,0
โรงเรียนมัธยมสังคีตวิทยา กรุงเทพมหานคร,2566/1,ไม่เสียค่าโดยสารโดยใช้พาหนะ,P6,0
โรงเรียนมัธยมสังคีตวิทยา กรุงเทพมหานคร,2566/1,ไม่เสียค่าโดยสารโดยใช้พาหนะ,M1,37
โรงเรียนมัธยมสังคีตวิทยา กรุงเทพมหานคร,2566/1,ไม่เสียค่าโดยสารโดยใช้พาหนะ,M2,16
โรงเรียนมัธยมสังคีตวิทยา กรุงเทพมหานคร,2566/1,ไม่เสียค่าโดยสารโดยใช้พาหนะ,M3,28
โรงเรียนมัธยมสังคีตวิทยา กรุงเทพมหานคร,2566/1,ไม่เสียค่าโดยสารโดยใช้พาหนะ,M4,27
โรงเรียนมัธยมสังคีตวิทยา กรุงเทพมหานคร,2566/1,ไม่เสียค่าโดยสารโดยใช้พาหนะ,M5,11
โรงเรียนมัธยมสังคีตวิทยา กรุงเทพมหานคร,2566/1,ไม่เสียค่าโดยสารโดยใช้พาหนะ,M6,23
โรงเรียนมัธยมสังคีตวิทยา กรุงเทพมหานคร,2566/1,นักเรียนอยู่ห่างเกิน 3 กม.,P1,0
โรงเรียนมัธยมสังคีตวิทยา กรุงเทพมหานคร,2566/1,นักเรียนอยู่ห่างเกิน 3 กม.,P2,0
โรงเรียนมัธยมสังคีตวิทยา กรุงเทพมหานคร,2566/1,นักเรียนอยู่ห่างเกิน 3 กม.,P3,0
โรงเรียนมัธยมสังคีตวิทยา กรุงเทพมหานคร,2566/1,นักเรียนอยู่ห่างเกิน 3 กม.,P4,0
โรงเรียนมัธยมสังคีตวิทยา กรุงเทพมหานคร,2566/1,นักเรียนอยู่ห่างเกิน 3 กม.,P5,0
โรงเรียนมัธยมสังคีตวิทยา กรุงเทพมหานคร,2566/1,นักเรียนอยู่ห่างเกิน 3 กม.,P6,0
โรงเรียนมัธยมสังคีตวิทยา กรุงเทพมหานคร,2566/1,นักเรียนอยู่ห่างเกิน 3 กม.,M1,91
โรงเรียนมัธยมสังคีตวิทยา กรุงเทพมหานคร,2566/1,นักเรียนอยู่ห่างเกิน 3 กม.,M2,50
โรงเรียนมัธยมสังคีตวิทยา กรุงเทพมหานคร,2566/1,นักเรียนอยู่ห่างเกิน 3 กม.,M3,81
โรงเรียนมัธยมสังคีตวิทยา กรุงเทพมหานคร,2566/1,นักเรียนอยู่ห่างเกิน 3 กม.,M4,108
โรงเรียนมัธยมสังคีตวิทยา กรุงเทพมหานคร,2566/1,นักเรียนอยู่ห่างเกิน 3 กม.,M5,48
โรงเรียนมัธยมสังคีตวิทยา กรุงเทพมหานคร,2566/1,นักเรียนอยู่ห่างเกิน 3 กม.,M6,75
โรงเรียนมัธยมสังคีตวิทยา กรุงเทพมหานคร,2566/1,เดินเท้า,P1,0
โรงเรียนมัธยมสังคีตวิทยา กรุงเทพมหานคร,2566/1,เดินเท้า,P2,0
โรงเรียนมัธยมสังคีตวิทยา กรุงเทพมหานคร,2566/1,เดินเท้า,P3,0
โรงเรียนมัธยมสังคีตวิทยา กรุงเทพมหานคร,2566/1,เดินเท้า,P4,0
โรงเรียนมัธยมสังคีตวิทยา กรุงเทพมหานคร,2566/1,เดินเท้า,P5,0
โรงเรียนมัธยมสังคีตวิทยา กรุงเทพมหานคร,2566/1,เดินเท้า,P6,0
โรงเรียนมัธยมสังคีตวิทยา กรุงเทพมหานคร,2566/1,เดินเท้า,M1,0
โรงเรียนมัธยมสังคีตวิทยา กรุงเทพมหานคร,2566/1,เดินเท้า,M2,0
โรงเรียนมัธยมสังคีตวิทยา กรุงเทพมหานคร,2566/1,เดินเท้า,M3,1
โรงเรียนมัธยมสังคีตวิทยา กรุงเทพมหานคร,2566/1,เดินเท้า,M4,2
โรงเรียนมัธยมสังคีตวิทยา กรุงเทพมหานคร,2566/1,เดินเท้า,M5,0
โรงเรียนมัธยมสังคีตวิทยา กรุงเทพมหานคร,2566/1,เดินเท้า,M6,0
